radius error,worst smoothness,mean area,mean concave points,worst concave points,worst perimeter,worst area
2.489733926737622,1.3076862710715431,0.9843749048031144,2.5324752164032427,2.29607612756179,2.303600623622561,2.0012374893299203
0.4992546006760577,-0.3756119566608037,1.9087082542365932,0.5481441558908354,1.087084295170028,1.5351259923434375,1.8904889885289904
1.2286759457296248,0.5274074050914449,1.558883632758692,2.037230755700809,1.955000346131368,1.347475210286907,1.4562845488809009
0.3263734407153162,3.3942746991980965,-0.7644637923250276,1.4517073568494945,2.175786008218025,-0.2499393042673333,-0.5500212283270548
1.2705427819622883,0.2205561656610689,1.8262292784409904,1.4284927727540675,0.7292592566157917,1.3385394587604051,1.2207242455900342
-0.2550702935159039,2.048512834839165,-0.5056504544836534,0.8246556464496944,0.905887786285117,-0.1150094562171616,-0.244320207862266
0.1498830707345175,0.5186402268220053,1.095294906735132,0.6469351082080397,1.1967157963440924,1.3683252971820767,1.2752195396349362
0.6436230014783472,1.447961123382571,-0.218964911028593,0.2819502582632775,0.6241957346573134,0.0994485804188725,0.0288594274466941
-0.3568500160815179,1.6627569909838351,-0.3842072728811627,1.1506915830787965,1.3916162428757612,-0.0316091086364816,-0.2483634070978556
-0.388250143256016,2.320295361191782,-0.5090633776200234,0.9417603262199572,1.6200152036550617,-0.2862780271417725,-0.2974091717382673
-0.0926558426133284,-0.6254765373398238,0.4064532537111668,-0.4046855513147839,-0.2262097293109465,0.4926216475849359,0.4736113433615393
0.3631873829199002,0.3169951266249016,0.3586723298019902,0.4421308885217207,1.0109513082435948,0.8709017955401637,0.735540337319294
1.986249128939638,-1.2567133727394535,1.331355423667374,1.6219476402159556,0.9454769394868622,1.3236465395495696,0.7935514567864477
-0.0067566441359663,-0.8446559940758059,0.3635073042451809,0.1217696280048341,-0.0412065710797136,0.1411487542092127,-0.0071777831313861
-0.6968375999709093,1.4348103559784129,-0.2178272699831365,0.8081474977596133,1.616969884178004,0.045834071259864,-0.3214925758806917
-0.1269433378038722,1.5531672626158437,0.011122990415002,0.6376492745698691,0.8617306538677855,0.5015573991114373,0.1100749947007094
0.2437225312560057,0.615079187785838,0.084216427585588,0.0946859465601697,0.7048967007993328,0.4807073122162676,0.4525163908280289
0.5920112981915289,2.039745656569725,0.4092973563248083,1.38980179926169,1.4114108194766344,0.8798375470666654,0.7636669406973079
1.274151991982346,0.8254914662523812,1.720997481736256,1.1880928574547611,1.8910486371131645,2.3691294681502386,2.667486406846625
-0.4882252608116013,0.5098730485525658,-0.2519565013468342,-0.0286092889688735,0.2161229247316309,-0.2252170583773461,-0.2977607542804924
-0.7939253495104489,-0.0512263606915487,-0.3836384523584343,-0.4596267336739602,-0.6361097309228636,-0.3327439350795801,-0.4396243100683502
-0.4615171066631777,0.0013767089250861,-1.0835721055756011,-0.7263365109480833,-0.7969025993114909,-1.254913492614529,-0.9944215616996748
0.1213703115760655,0.2906935918165841,0.1408140695970533,1.2546413318616507,1.898661935805808,0.5313432375331087,0.1763483039101546
1.0341395256485395,0.3389130722984999,2.130548258100628,0.9647169704921011,1.3139605962107994,2.404872474256244,3.048953465160939
1.4495595989571273,2.109883082725239,0.7102034128480764,1.1034885954180955,1.4449093337242649,2.077228251617858,2.345788380710591
2.312882635754818,0.9701499076981296,0.7332406440185725,2.35191734010548,2.1377195147548083,1.34449662644474,1.0203221965216849
-0.5438070951204826,0.8824781250037366,-0.0286944461759785,1.0036658838077614,2.367641135272637,0.4509214737945962,0.0286836361755815
1.6159441808817658,0.0627469568111618,1.2488764478717715,0.7323131897145531,0.5237001919144215,0.9721736461738468,0.9183632592763844
0.1220921535800769,1.390974464631216,0.2204489427790145,0.9954118094627208,1.3368004922887295,1.252160527337559,0.6828029559855179
0.7042577298153084,-0.3010909413705693,0.8538305948369709,0.789575830483272,0.471929760804447,0.8232444540654894,0.6089706221182314
1.5358197184364952,0.733436094423269,1.2318118321899227,1.946951817551928,1.0688123783076842,1.5857619176602786,1.387725953146992
0.2790927894525665,1.3734401080923382,-0.6094601998815673,0.0748245801674159,0.6089691372720267,0.3615639585295818,0.0142687519443495
0.706423255827343,1.3602893406881782,0.6951296689957764,1.841196490006096,1.0672897185691557,0.8589874601714949,0.8146464093199581
0.5436478839227616,0.8123406988482225,1.4422754255993917,0.6967174941015656,0.972884814780378,1.6125691722397832,1.6391074708379914
-0.2568748985259325,0.5361745833608844,0.433187818279397,0.7377299260034861,1.093174934124143,0.7577156095378117,0.6687396542965109
0.2032993790313647,1.0490545121230832,0.6103754111092606,0.2904622724316005,1.0155192874591807,0.7815442802751492,0.6124864475404831
-0.4301169794886799,0.5361745833608844,-0.0622548570169478,0.1821275466529433,0.4582258231576889,0.266249275580233,-0.1423612706169655
-0.7986173225365233,-1.5499754858521984,-0.3728308624265968,-0.507861480627791,-0.9817534915688708,-0.6791532359236195,-0.5883437254295989
2.9192299191244326,-1.6876201846823955,0.124887094960661,-0.5140520363865714,-1.303643760293831,-0.3491261462114993,-0.3195588718984534
-0.6935893109528578,1.2550832014549074,-0.2721496299036884,0.141115114751023,1.6931028711044376,0.0011553136273568,-0.2464297031156171
-0.6015544554413984,-1.0068487920604334,-0.2613420399718509,-0.7379438029957964,-0.0518651892494144,-0.1418167107966661,-0.1629288493371383
-0.6084119544795071,2.5657763527360826,-0.8071253315296497,0.2004412741060019,0.4232046491715296,-0.5969443218798061,-0.6444211409145141
2.078644905453103,-0.3361596544483263,1.2773174740081863,1.307518995634567,2.050927909658674,2.0891425869865268,1.3543256116356004
-0.1254996537958492,0.9043960706773349,-0.311967066494669,0.3265738476911531,0.526745511391479,0.1739131764730512,0.0467901371001781
-0.7628861433379567,0.7860391640399038,-0.3509312723015574,0.0928803677971921,0.7018513813222758,-0.0524591955316517,-0.2459023293022792
0.8074811363889456,1.5575508517505627,1.197682600826225,1.340793232838012,1.8758220397278773,1.290882117285731,1.2066609439010272
-0.898231519090103,-0.1169801977123435,-1.288347493757787,-1.109196590646324,-1.3546528615345417,-1.4893280409930831,-1.1222218157985258
-0.4261468484666167,2.0265948891655663,-0.3421145541992687,0.6314587188110888,1.4342507155545643,-0.1328809592701647,-0.2130293616042256
-0.5109632839379619,0.7465868618274276,-0.5847165071428865,-0.552743009878949,-0.7480252217047207,-0.5177139916781601,-0.5238283289312794
-0.6185177425356674,-0.7087647308994971,-0.2670302451991339,-0.3889512220945503,0.2069869663004591,-0.2460671452725162,-0.3195588718984534
0.0037100649221996,-1.0463010942729103,-0.6455803030748141,-0.9742166811225824,-1.1793947256298918,-0.723236276787693,-0.6400263591366995
-0.7867069294703345,-1.0287667377340317,-0.2363139369718061,-0.817389268566812,-0.4377071669925783,-0.333041793463797,-0.3935669970368523
-0.6419776076660394,-0.7876693353244507,-0.6179925077224917,-0.9138587624744734,-0.786396247115643,-0.7026840482767397,-0.6212166931276525
1.546647348496667,-0.1915012130025779,1.0753861884396416,1.4723425427120955,0.2724613350571917,0.8292016217498234,0.7742144169640631
-0.3416913339972776,0.2863100026818638,0.1647045315516416,-0.4018482132586762,0.5846065814555682,0.3109280332127402,0.2626618180264349
-0.2897187097084533,-0.3273924761788874,-0.6993338424726379,-0.6742326666450147,-0.7833509276385858,-0.7580857077410487,-0.6581328600612959
1.163349244366589,1.3164534493409816,1.413834399462977,1.0580911865203728,1.4388186947701502,1.8717059665083249,2.22273449093178
0.0629011092511382,0.1942546308527515,0.0057191954490833,0.8334256004412998,1.047495141968283,0.2513563563693973,0.1844347023813337
-0.0042301971219261,-1.326850798894968,-0.3631609135402155,-1.1543360597207646,-1.575895321542757,-0.5069910898463584,-0.4508749514195557
-0.8996752030981259,1.7942646650254248,-1.2240707746894897,-1.0606523159045542,-1.0721994800374737,-1.4106934275598704,-1.0647380701447098
0.3992794831204725,-0.2134191586761762,-0.975496206257225,-0.929077212048142,-1.3523688719267482,-1.1140264768800228,-0.9000216491122156
-0.1695320160405475,1.3822072863617765,-1.2317498517463217,-1.0229931017053064,-1.322067943130028,-1.34635601656906,-1.0664959828558356
1.077089124887221,1.3865908754964968,-0.0261347538237009,0.970133706781034,0.972884814780378,0.35262820700308,0.138728971892061
0.0167032209944056,-1.4907970325334827,-1.1205454395529402,-0.6995107693267014,-0.9704858095037588,-1.2412120069405597,-1.002859542713079
0.0733678183093042,2.311528182922342,-0.4433646072449053,0.511000821338153,0.8678212928219002,0.1351915865248784,0.013565586859899
-0.1713366210505761,1.421659588574254,0.038141965244596,1.0671190803352606,0.712509999491976,0.2185919341055584,0.0782567746293311
-0.613825769509593,0.9833006751022884,-1.0963705673369877,-0.8738780898656833,-0.7527454668941594,-1.198320399613353,-0.9666465408638862
-0.478119472755441,-0.1476653216553814,-0.7417109714158958,-0.6866137781625755,-0.6851393745034866,-0.871569752127617,-0.7275704121507678
-0.2806956846583102,0.6939837922107915,-1.1501241067348114,-0.1333328572215756,0.9195917239318748,-1.2438927323985105,-0.9771940171306416
-0.6076901124754956,-0.1213637868470639,-0.4334102480971601,-0.5230799302014595,-0.8494343602907298,-0.6431123714333968,-0.572522511029466
1.3845938185960969,-0.5728734677231877,1.3512641419628646,0.7890599508367068,0.9789754537344928,1.7466054451373048,1.7322768445276624
0.4368152673290676,-0.5115032198371127,-1.168610773723481,-0.5210164116151994,-1.0163178676334716,-1.3314630973582242,-1.048037899389014
0.6696093136227592,1.145493473086916,0.7807371576663849,0.7872543720737292,1.1464680249726464,1.3206679557074026,1.4070629929693763
-0.4564642126350975,0.3827489636456965,-0.2013314748240158,0.0456773801364915,0.3607755998918543,0.0905128288923712,-0.1198599879145544
-0.5582439352007116,-0.6473944830134221,-0.5232838906882308,-0.6757803055847098,-0.4264394849274663,-0.5227775842098443,-0.473727816664192
1.2351725237657276,0.7728883966357452,0.4630508957226324,0.4503849628667613,0.5693799840702816,0.6415508396932937,0.6019389712737279
0.0177859840004229,0.5580925290344827,-0.2721496299036884,0.4292338973575948,-0.6172287501651083,-0.4736309508140862,-0.483572127846497
2.0768403004430747,0.6764494356719124,0.9985954178713218,1.5239305073685991,1.4555679518939657,1.2759891980748954,1.2822511904794396
1.900349930462276,1.3822072863617765,1.678335942531634,2.8755351813689902,2.073767805736604,1.8776631341926595,1.3051040557240758
-0.504105784899853,-0.1520489107901018,-0.4226026581653225,-0.6646888931835615,-0.5382027097354705,-0.4581423148348172,-0.4543907768418075
-0.288996867704442,1.0227529773147657,-0.7206646120749489,-0.6858399586927281,-0.8121291966967775,-0.6770682272341023,-0.6249083098210169
-0.4301169794886799,0.9306976054856524,-0.3836384523584343,0.5404059611923601,0.855640014913671,-0.3157660071792275,-0.4670477483619138
1.776193105772307,1.0928904034702798,3.4786528969666866,3.497170155479857,2.620402651868396,3.1107968448498573,2.955784091471268
0.4108289551846557,0.2994607700860225,1.3569523471901477,2.527316419937592,1.0581537601379838,1.013873819964187,0.7337824246081681
-0.6426994496700509,0.2337069330652277,-0.6017811228247353,-0.7812776933072595,-0.5829689060482132,-0.58026425236367,-0.5496696457848297
1.0630132058089976,0.3257623048943411,1.1948384982125837,1.0067611616871517,0.7551444721707791,1.3385394587604051,1.2699458015015586
0.0549608472070123,-0.0775278954998674,-0.0190244972895972,0.0118872632864817,0.1201953612043249,0.0339197358911956,-0.126012682403495
0.5209098607964011,-0.3273924761788874,1.197682600826225,0.8716006942871126,1.23325963006878,1.3593895456555758,1.3051040557240758
-0.3875283012520044,-0.0862950737693069,-0.5369355832337097,-0.2958349458895616,0.0897421664337516,-0.4706523669719192,-0.5377158393491737
0.3837598800342262,-0.2046519804067367,-0.008501317619124,0.5602673275851138,0.3820928362312555,0.0637055743128671,-0.135329619772462
-0.119363996761752,-0.9147934202313206,0.022214990608204,-0.4990915266361854,-0.6874233641112798,-0.1299023754279973,-0.1351538285013494
-0.3330292299491402,-0.2923237631011298,0.2085037118017206,0.6683441135404885,0.5023829555750204,0.0071124813116911,-0.0873386027587258
0.001905459912171,-1.392604635915763,-0.2934803995059994,-0.5787949320304833,-0.2208804202260963,-0.0822450339533232,-0.0878659765720635
-0.3976340893081647,0.067130545945881,-0.2838104506196185,-0.544746875357191,-0.5404866993432634,-0.2880651774470729,-0.3185041242717778
0.2585202923382403,0.9964514425064472,0.1442269927334232,1.011919958152802,1.4753625284948382,0.4836858960584346,0.2538722544708056
1.2719864659703115,-0.586024235127347,1.732373892190822,0.9778719014795098,0.6500809502123008,1.454704228604924,1.5283589700370614
-0.1410192568820954,-0.8052036918633292,-0.5795971224383318,-0.5032185638087057,-0.8494343602907298,-0.7482563810618971,-0.6774698998836804
-0.2532656885058753,-0.0336920041526708,-1.0249835917345866,-1.0570927463432551,-1.382517534749616,-1.1453016072227775,-0.9044164308900302
-0.626818925581799,0.4704207463400895,-0.6890950730635286,-0.3977211760861559,-0.4585676054104212,-0.7238319935561267,-0.6470580099812029
-0.4174847444184795,0.4704207463400895,-0.0352358821873538,0.2442910440640299,0.6378996723040716,0.0666841581550341,-0.0952492099587923
0.1852533289310785,-0.2572550500233728,-0.2053132184831138,-0.1039277173673686,0.0577663119246497,0.0398769035755296,0.0455595982023899
-0.6535270797302226,1.1411098839521967,-1.454443086394449,-1.2618195840825894,-1.7450628184932917,-1.6933610341815326,-1.2224228403327004
-0.7679390373660369,-0.8797247071535635,-0.5579819425746567,-0.8052660968725336,-0.6135743667926393,-0.6755789353130188,-0.5850036912784597
-0.8116104786087294,1.0315201555842053,-1.014176001802749,-0.4805198593598441,-0.2606218394016946,-1.043731898204878,-0.9130302031745472
-0.1810814881047307,-0.4589001502204771,-0.9066689230071012,-0.952033856320286,-1.2573549042425596,-0.9841602213615352,-0.8399010343917108
-0.0518717693866818,2.35974766340426,-0.3546286056992911,1.2146606592528606,1.2789394222246402,-0.0256519409521472,-0.0938428797898914
-0.3579327790875352,1.5970031539630405,-0.6893794833248927,-0.3628992999430162,0.1095367430346244,-0.6478781055808641,-0.6308852130388448
-1.0296067638201862,-0.6123257699356645,-0.5352291216655249,-0.7663171835568734,-0.4596334672273913,-0.6463888136597806,-0.5915079683096254
2.9228391291444904,1.6539898127143955,2.429179032532983,3.4404233943577034,2.685877020625128,2.964846236583668,2.600685723823842
-0.616352216523633,1.645222634444956,-0.7348851251431563,-0.7719918596690888,-0.4846050869392612,-0.693152579981805,-0.637213698798898
-0.0078394071419834,0.6282299551899967,-1.037213232973245,-0.8032025782862734,-0.9328761139621008,-1.0598162509525804,-0.902834309450017
-0.2265575343574519,-0.1608160890595401,-0.4962649158586367,0.2912360919014481,-0.0625238074191149,-0.5439255294892309,-0.6208651105854275
-0.1529296499482842,-1.879621388783116,-0.0710715751192364,0.7495951578744815,0.5465400879923515,-0.0077804378991445,-0.3016281622449694
-0.2583185825339554,-0.1038294303081848,-0.91207271797302,-0.4704602062518259,-0.8107588029321018,-1.0318175628362092,-0.8898257553876856
-0.8614175768855191,1.7548123628129473,-1.2058685179621844,-0.7655433640870258,-0.1462700930381917,-1.274274287588615,-1.048037899389014
-0.3369993609712031,0.7728883966357452,-0.6151484051088502,-0.7438764189312944,-0.6415913059815668,-0.587412853584871,-0.523125163846829
-0.3319464669431231,-0.6342437156092627,-1.1651978505871112,-0.6664944719465392,-1.1594478830551664,-1.3082301433893204,-1.0733518424292263
0.0773379493313671,2.429885089559773,0.0785282223583051,1.039777459067314,1.3413684715043157,0.5909149143764517,0.3769261442496164
0.5299328858465444,2.329062539461222,0.3632228939838167,1.1831920008123935,1.352027089674016,0.6862295973258009,0.6880766941188955
0.5248799918184641,-1.1032877530242655,0.9303369551439264,0.1816116670063783,0.0592889716631782,0.6534651750619616,0.6687396542965109
-0.95417427440099,0.9833006751022884,-0.7155452273703943,-0.5852434276125462,-0.3810642247193119,-0.7005990395872229,-0.6505738354034547
1.110293857071747,0.7860391640399038,1.2005267034398663,0.9732289846604244,0.8038695838036961,1.1359957574930395,1.1750185151007615
3.983946875041316,1.6320718670407972,3.145892891170634,3.9279296603616616,1.6778762737191508,2.1933930214623767,2.0961647757307174
-0.4052134303502849,-0.0468427715568295,-0.0403552668919083,0.2285567148437963,0.1141047222502103,-0.1328809592701647,-0.2374643482888751
-0.870801522937668,-1.3093164423560897,-0.2883610148014449,-0.5395880788915406,-0.3780189052422547,-0.4548658726084333,-0.4368116497305488
-0.6737386558425431,-0.7306826765730954,-0.1882486028012649,-0.967510245717237,-0.96789728794826,-0.2073455553243434,-0.2719194374269422
-0.6286235305918276,0.6457643117288758,-0.2340386548808927,-0.4660752292560231,0.2785519740113061,0.1768917603152186,-0.0560477565006852
1.0265601846064196,-1.326850798894968,1.3740169628719965,0.1896078015281362,0.1095367430346244,1.2193961050737194,1.155681475278377
0.0928575524176133,0.2731592352777051,0.0557754014491733,0.9394388678104144,0.4216819894330011,-0.0405448601629829,-0.2074040409286227
0.3252906777092992,-0.2134191586761762,1.527598504008636,1.7019089854335363,0.8921838486383588,1.2342890242845552,1.2453350235457965
-0.7387044362035732,0.4528863898012105,-0.5662298401542168,-0.5184370133823742,-0.4984612905598722,-0.4730352340456529,-0.5895742643273869
0.2494972672880972,0.9745334968328488,0.2673766359040989,0.8241397668031292,0.5602440256391097,0.5253860698487748,0.4841588196282945
0.1011587354637448,0.3126115374901824,0.4405824850748646,0.185996644002181,0.2526667584563191,0.6683580942727974,0.5175591611396861
-0.337360281973209,-0.441365793681598,0.3037811493587099,0.2685373874525866,0.3470716622450962,0.209656182579057,0.0742135753937415
0.6883772057270567,0.6194627769205572,1.1948384982125837,0.5042943859328076,0.3546849609377395,1.1419529251773737,1.2470929362569223
-0.6080510334775014,0.4178176767234535,-0.4226026581653225,-0.5643503019266622,-0.3242690164721927,-0.4533765806873494,-0.3990165264413426
0.1578233327786436,-0.2309535152150553,-0.6578099443134723,-0.5911760435480441,-0.6840735126865166,-0.628517310606778,-0.5869373952606981
-0.8274910026969812,-0.586024235127347,-0.7254995865181394,-0.5202425921453517,-0.4544564241163937,-0.8140830839737908,-0.7358326018930593
3.215185140769126,0.3827489636456965,0.0660141708582827,0.9626534519058412,0.7932109656339954,0.4211356353729247,0.1596481331544589
-0.2409943744376808,0.1898710417180311,-0.7681611257227615,-0.0247401916196356,-0.4339005176462566,-0.915354934607474,-0.7850541578045838
-0.7448400932376705,-0.3931463131996823,-1.0420482074164354,-1.2618195840825894,-1.7450628184932917,-1.2132133188241887,-0.9452000057881506
1.0817810979132951,-0.0424591824221104,0.4496836134385174,0.2711167856854117,0.1064914235575669,0.6475080073776276,0.6195180983849866
-0.4362526365227771,0.391516141915136,-0.7306189712226941,-0.7817935729538245,-0.7702560538872393,-0.732767745082628,-0.6637581807368986
-0.6888973379267834,-0.0512263606915487,-0.4058224527448377,-0.4653014097861755,-0.204131163102281,-0.300575229584175,-0.4162440710103762
-0.5510255151605971,-1.0857533964853872,-0.8520621528251849,-1.058691973247607,-1.2253790497334578,-0.8778247781961678,-0.7723971862844775
-0.0323820352783726,0.4397356223970518,-0.6316442002679707,-0.4872262947651895,-0.8250718044742712,-0.6255387267646105,-0.6521559568434679
-0.3084866018127511,0.2687756461429859,-0.633919482358884,0.6508042055572774,1.0946975938626715,-0.4566530229137333,-0.5078313232600339
0.0607355832391039,-1.4320569381282398,0.0984369406537954,-0.3430379335502623,-0.4652673082599473,-0.0048018540569775,-0.1246063522345942
-0.5939751143992782,-0.0336920041526708,-0.0420617284600932,0.1651035183162971,0.689670103414046,0.0398769035755296,-0.1998450162707815
-0.5600485402107402,-1.5455918967174784,-0.1987717824717385,-0.919017558940124,-0.8285739218728871,-0.2999795128157416,-0.2719194374269422
0.0542390052030009,-0.1169801977123435,-0.3853449139266193,-0.5795687515003307,-0.786396247115643,-0.489715303561789,-0.4638835054818871
-0.7639689063439739,1.3427549841493005,-1.282659288530504,-0.7026060472060915,-0.5453592105065551,-1.4649036534873126,-1.108861679193969
1.5134426163121404,-0.1388981433859418,-1.0087722068368303,0.7648136074481502,0.6470356307352434,-1.0788791875424502,-0.8791024878498178
-0.6499178697101653,0.0758977242153205,-0.7764090233023219,-0.8011390597000133,-0.9066863664594076,-0.923694969365542,-0.7731003513689277
-0.4842551297895382,0.6764494356719124,-0.3298849129606105,-0.3634151795895812,-0.2647330206957219,-0.2856823103733392,-0.3573539951876596
-0.6683248408124572,-0.467667328489916,-0.5534313783928303,-0.6605618560110412,-0.4948069071874034,-0.6154115417012426,-0.5561739228159953
1.465801044047385,0.4134340875887343,0.8782898773142876,1.4568661533151444,0.5617666853776382,0.7636727772221465,0.7408140754526716
0.2660996333803605,-1.95633419864071,0.6408073090752245,-0.5470683337667337,-0.4605470630705083,0.3883712131090858,0.2661776434486866
-0.8047529795706206,-0.2134191586761762,-0.5867073789724355,-0.7554837109790077,-0.6753943521769031,-0.6904718545238545,-0.6113723819453478
-0.4452756615729202,-0.6693124286870203,-0.819354972768308,-1.091888828504067,-1.1431554238529094,-0.8694847434381001,-0.7217693002040524
0.3487505428396713,0.1504187395055549,-0.6686175342453099,-0.2976405246525393,-0.5407912312909692,-0.5466062549471814,-0.5918595508518506
2.1468589748321847,-0.8753411180188438,1.4280549125311843,1.2316846875895069,0.9607035368721488,1.1717387635990453,1.0800912286999649
1.1954712135450982,0.5011058702831275,1.5901687615087483,2.0552865433305847,1.6763536139806223,2.014677990932348,2.3756728967997307
-0.3979950103101704,0.5624761181692018,-0.5414861474155361,-0.5339134027793252,-0.4973954287429021,-0.5927743045007721,-0.5758625451806052
0.934886250096966,-0.4194478480079997,2.932585195147524,1.2407125814043949,1.8270969280949605,2.291686288253892,2.6762759704022545
-0.7982564015345176,-1.2216446596616966,0.1004278124833445,-0.7616742667377882,-0.8689244049438968,-0.1477738784810005,-0.1731247430616682
-0.8386795537591586,0.4923386920136878,-0.8455207168138096,-0.823837764148875,-1.0441825408485463,-1.0008402908776712,-0.8202124120271012
0.6995657567892342,-0.6824631960911791,0.6581563350184373,0.4343926938232453,0.499337636097963,0.6981439326944688,0.666981741585385
2.4644694565972216,0.2293233439305085,0.9377316219393944,1.4284927727540675,0.8754345915145436,1.4308755578675874,1.3701468260357332
-0.4831723667835211,-0.4720509176246358,0.088198171244686,-0.2865491122513909,-0.453086030351718,-0.0792664501111562,-0.1527329556126081
-0.6105774804915415,0.2687756461429859,-0.5426237884609927,-0.3074422379372749,-0.3151330580410209,-0.604390781485224,-0.582718404753996
0.232894901195834,0.3389130722984999,-0.2545161936991115,-0.3750224716372944,0.0212224781999617,0.2781636109489013,0.1986737953414532
0.0567654522170409,0.9087796598120552,0.2332474045404012,1.5677802773266272,1.0368365237985822,0.5283646536909418,0.3892315332274976
-0.714161808067184,-0.4720509176246358,-0.8025747673478234,-0.595561020543847,-1.0894055350828478,-1.0499869242734288,-0.8509758844718038
-0.2680634495881099,-1.0857533964853872,-0.8682735377229414,-1.2618195840825894,-1.7450628184932917,-1.0145417765516398,-0.8302325144805186
-0.6668811568044343,-0.7087647308994971,-1.216391697632658,-1.2618195840825894,-1.7450628184932917,-1.4565636187292446,-1.092337299709386
0.0935793944216247,-0.0994458411734656,-1.002515181086819,-0.3033152007647546,-0.236107017611383,-1.0184139355464574,-0.8620507345518968
-0.3662339621336666,0.4002833201845743,0.5062812554499827,1.0250748891402104,1.3535497494125446,0.4836858960584346,0.1768756777234925
-0.8375967907531414,-2.240829133484015,-0.3654361956311289,-1.2140491288106672,-1.604079753302922,-0.5683499169950013,-0.4777710158997817
-0.4196502704305138,-0.7087647308994971,-0.4154924016312188,-0.9187596191168412,-1.1375215828203538,-0.6124329578590751,-0.5447474901936772
1.555309452544804,0.650147900863595,4.536659069241315,3.5822902971630883,2.347846558671764,3.3818479744870684,4.105459004547587
0.8107294254069971,0.733436094423269,1.8660467150319715,2.596960172223872,2.6752184024554277,2.062335332407022,2.1242913791087314
-0.1273042588058779,0.3958997310498552,0.3177172521655531,0.0766301589303935,0.6013558385793834,0.6564437589041294,0.6828029559855179
-0.2554312145179098,-0.8884918854230025,-0.7192425607681282,-0.6528236613125658,-0.786396247115643,-0.8382096130953448,-0.7266914557952049
-0.7210193071052928,-0.0994458411734656,0.1584475058016305,-0.420161940711735,0.1217180209428536,0.1947632633682213,0.1626365847633729
0.0697586082892469,0.8649437684648587,-0.9595692316208329,-1.199810850565472,-1.5864016737386044,-0.9493107904081796,-0.7797804196712061
-0.5322576230562995,-0.3931463131996823,1.0981390093487733,0.2378425484819669,0.6470356307352434,0.9513235592786762,0.9306686482542657
-0.5777336693090206,-0.003006880209633,-0.6671954829384892,-0.4263524964705154,-0.071659765850287,-0.6803446694604861,-0.63123679558107
-0.7913989024964089,0.1416515612361154,-0.6427362004611726,-0.8612390385248399,-1.0894055350828478,-0.824805985805593,-0.6874900023370979
-0.6026372184474156,-0.998081613790994,-0.5437614295064493,-0.8351871163733057,-1.0119021543917386,-0.6139222497801586,-0.5869373952606981
-0.4301169794886799,0.9175468380814936,-0.1279536273920659,0.4452261664011111,0.9530902381795056,-0.0256519409521472,-0.207755623470848
1.1763424004387948,-1.687181825768923,-0.4194741452903169,-0.5230799302014595,-1.018297325293559,-0.5427340959523638,-0.5292778583357696
-0.1850516191267937,-2.6826949182637563,-1.043185848461892,-1.2618195840825894,-1.7450628184932917,-1.3406967072689424,-1.013934392793172
0.0004617759041481,2.022211300030846,-0.5047972236995611,-0.0850981102677448,0.476497740020033,-0.1656453815340032,-0.1963291908485298
-0.453215923617046,-0.0336920041526708,0.0469586833468846,1.0281701670196004,0.8845705499457155,0.3377352877922442,-0.1685541700127409
-0.7614424593299338,-0.9936980246562742,-0.3938772217675437,-0.6486966241400455,-0.4911525238149345,-0.4900131619460054,-0.4921859001310137
0.7721108781923846,1.8117990215643025,-0.1876797822785368,0.4214957026591194,0.8023469240651676,0.129234418840544,-0.1295285078257467
0.8338283695353633,-1.9352929707940556,1.0497892649168683,0.2285567148437963,-0.3471089125501227,0.6504865912197946,0.6107285348293572
0.1101817605138879,-0.0073904693443521,1.402457989008411,0.4849488991866188,0.855640014913671,1.7614983643481406,1.4193683819472576
-0.7073043090290754,1.0008350316411674,-0.0346670616646253,0.2806605591468649,1.0535857809223974,0.3168852008970745,0.2872725959821971
-0.1868562241368223,0.46165356807065,-0.5514405065632813,-0.2024607298612902,-0.1005903008823316,-0.4501001384609656,-0.4257367996504559
-0.0291337462603211,0.2512412896041068,0.8438762356892257,0.6696338126569014,1.2073744145137928,0.960259310805178,0.6300655746517417
0.5367903848846528,0.9306976054856524,2.9297410925338823,2.9168055530941936,2.416366246905554,2.077228251617858,1.9432263698627663
0.5761307741032767,3.955374108442213,-0.1623672690171278,1.1050362343577906,1.3200512351649143,0.6326150881667919,0.4788850814949169
-0.0327429562803783,0.4485028006664913,-0.4919987619381745,-0.2762315193200902,-0.1995631838866948,-0.3339353686164471,-0.356299247560984
-0.4838942087875325,0.733436094423269,0.1755121214834794,-0.2096830449132007,0.161307174144599,0.3109280332127402,0.1914663532258371
-0.6910628639388178,0.4002833201845743,-1.0224238993823094,-0.7583210490351154,-0.8942005566034726,-1.1968311076922693,-0.9650644194238728
0.6519241845244788,-0.9323277767701992,0.7093501820639838,0.1284760634101797,-0.0762277450658729,0.6772938457992991,0.5790861060290915
-0.7654125903519968,0.1109664372930775,-0.3569038877902045,0.0541893943048146,-0.0305479529100129,-0.2317699428301138,-0.4241546782104426
-0.692145626944835,-0.4457493828163177,0.2008246347448884,-0.4475035619796818,-0.1691099891161217,0.1917846795260543,0.0916169112338878
1.6419304930261778,-0.6386273047439825,1.8063205601455004,1.20434306632156,1.1784438794817482,1.520233073132602,1.3631151751912296
-0.6603845787683312,-0.1915012130025779,-0.6452958928134499,-0.9025094102500428,-0.6924481412484244,-0.656515998723149,-0.5876405603451486
8.906909342399384,-0.7964365135938902,5.244840620038042,2.852320597273564,0.6835794644599317,2.41976539346708,2.845035590670338
0.4490865813972621,-0.3536940109872055,0.8336374662801164,0.4398094301121782,-0.071659765850287,0.3913497969512532,0.246840603626302
0.0560436102130296,1.0315201555842053,-0.1256783453011525,0.4049875539690383,0.9530902381795056,0.2305062694742271,-0.1217936918967929
-0.5373105170843797,0.5975448312469589,-0.2161208084149516,0.1831593059460733,0.7734163890331228,-0.0852236177954901,-0.2293779498176961
-0.3929421162820902,0.356447428837379,-0.6333506618361557,-0.4513726593289197,-0.012276036047669,-0.6273258770699108,-0.6141850422831491
-0.1749458310706333,-1.6262499367963206,-0.9490460519503592,-0.9855660333470132,-1.201321025864705,-0.9490129320239626,-0.8383189129516976
1.9855272869356264,0.1285007938319566,1.635674403327012,0.9799354200657698,1.0261779056288816,1.8776631341926595,1.9836583622186617
1.2055770016012584,0.3695981962415377,1.6157656850315216,0.4501270230434788,0.7292592566157917,2.1725429345672063,2.806361511025569
-0.703695099009018,-0.0556099498262691,-0.2445618345513663,-0.6007198170094973,-0.5184081331345977,-0.2249191999931296,-0.3065503178361218
-0.5351449910723453,0.2293233439305085,-0.2661770144150416,-0.1137294306521042,-0.3609651161707337,-0.1835168845870063,-0.3410054069741888
-0.571958933276929,0.3608310179720982,-0.9720832831208552,-0.7678648224965685,-0.8961800142635599,-1.052071932962946,-0.8877162601343345
-0.2088724052591714,1.0008350316411674,0.3026435083132531,0.4049875539690383,0.5069509347906064,0.5551719082704463,0.3646207552717354
-0.4059352723542963,-0.209035569541457,-0.3085541433582995,-0.6283193781007267,-0.2714327235452479,-0.2508328794199835,-0.3019797447871947
0.4216565852448273,-0.1169801977123435,-0.0389332155850876,-0.0745225775131615,-0.0899316827126309,0.0934914127345386,-0.0129788950781014
-0.7719091683880999,0.0758977242153205,-0.9251555899957709,-0.948164758971048,-1.0653475112140949,-1.0064996001777886,-0.8529095884540423
-0.6257361625757818,-0.8227380484022077,0.084216427585588,-0.2868070520746735,0.3546849609377395,0.2066775987368901,-0.127243221301283
-0.5784555113130321,-0.4238314371427195,-0.4507592740403732,-0.7366541038793839,0.0516756729705349,-0.4941831793250394,-0.4510507426906683
-0.3575718580855295,1.9871425869530888,-0.4314193762676111,0.5079055434587629,1.265235484577882,-0.0584163632159861,-0.306901900378347
-0.3943858002901132,1.6627569909838351,0.6829000277571182,1.549724489696851,2.127060896585108,0.7815442802751492,0.5421699390954483
-1.0256366327981232,-1.768278224761237,-0.7371604072340695,-1.1812133893068026,-1.4278927949577702,-0.817359526200175,-0.7528843551909803
-0.654248921734234,-1.4215363242049124,-0.7624729204954785,-1.0958611017826176,-1.2879603649869855,-0.8584639832220816,-0.7201871787640391
0.4288750052849418,-0.441365793681598,1.888799535941103,0.8893985420936062,0.6348543528270142,1.6512907621879556,1.7428243207944176
-0.6856490489087319,0.7904227531746242,-1.0673607206778446,-0.8318338986706327,-0.6453979553278885,-1.2367441311773093,-0.9575053947660316
-0.5279265710322307,-0.1608160890595401,-0.1464402943807355,-0.7727656791389363,-0.5325688687029142,-0.2678108073203365,-0.2902017296226513
2.3561931559955047,0.6896002030760724,2.88707955332926,1.928896029922152,2.203193883511541,2.9410175658463302,3.62730674712135
1.0186199225622938,-0.4194478480079997,1.851826201963764,0.2914940317247307,0.4551805036806314,1.6215049237662842,1.5283589700370614
-0.2518220044978526,-1.0638354508117889,-0.0881361908010853,-0.1248208430532524,-0.4935887793965804,-0.1418167107966661,-0.2049429631330465
0.4743510515376627,0.1811038634485927,0.75570905466634,1.0108881988596716,1.4007522013069336,1.0108952361220191,0.9271528228320138
-0.2922451567224935,-0.2002683912720175,-0.2263595778240609,-0.2994461034155167,-0.3408660076221553,-0.3917198951544897,-0.3466307276497917
-1.0462091299124494,-1.2567133727394535,-0.5073569160518384,-0.97602225988556,-1.1280810924414757,-0.697322597360839,-0.5927385072074136
-0.5860348523551523,0.102199259023638,-0.7550782537000108,-0.5256593284342846,0.1095367430346244,-0.5987314721851065,-0.7166713533417874
0.1065725504938307,-1.695949004038363,-0.1845512694035311,-0.6572086383083686,-0.8153267821476876,-0.2758529836941877,-0.306901900378347
0.4299577682909589,0.6106955986511188,1.4223667073039012,1.0302336856058605,0.6363770125655431,1.121102838282204,0.9429740372321468
-0.1200858387657634,0.83864223365654,-0.902118358825275,-0.4699443266052608,-0.7193992186203817,-1.0002445741092374,-0.8399010343917108
-0.8740498119557195,-0.9761636681173956,-0.3222058359037784,-0.9767960793554076,-0.9883009284445444,-0.5653713331528343,-0.4897248223354375
-0.7314860161634588,-0.3054745305052885,-0.4058224527448377,-0.2352190874181699,0.6318090333499568,-0.0673521147424874,-0.4245062607526677
-0.5611313032167573,0.7685048075010259,-0.8756682045184092,-0.8452467694813238,-0.8107588029321018,-0.8721654688960503,-0.7469074519731523
-0.5376714380863854,0.2863100026818638,-0.7070129195294699,-0.5063138416880958,-0.2820913417149487,-0.7857865374732033,-0.6834468031015084
2.161295814912414,-0.4939688632982341,2.016784153554969,2.1171921009183894,1.4601359311095514,1.728733942084302,1.9854162749297877
-0.045014270348573,-0.6167093590703843,-0.7038844066544643,-0.7281420897110609,-0.7486342856001321,-0.719066259408659,-0.6533864957412561
1.302664751140798,1.6934421149268728,1.5674159405996164,1.2505142946891306,2.072245145998075,1.564911830765109,1.8500569961730955
-0.3460223860213462,0.4046669093192948,0.7773242345300153,0.8927517597962787,1.0825163159544422,0.7041011003788036,0.600181058562602
0.6883772057270567,0.7597376292315864,1.462184143894882,0.954141437737518,1.2987339988255129,1.6632050975566244,1.9186155919070045
0.0715632132992756,0.8254914662523812,-0.1492843969943769,0.0913327288574971,0.3470716622450962,0.0249839843646939,-0.0959523750432426
1.5787693176751765,-0.1871176238678588,1.570260043213258,1.6890119942694104,1.21041973399085,2.124885593092532,1.8377516071952145
0.9168401999966798,1.9345395173364528,0.1661265828584623,1.9417930210862773,1.648945738687106,0.3734782938982501,0.0847610516604967
3.2007483006888973,0.7904227531746242,0.3373415601996792,2.290011782517676,2.0037254577642853,1.085359832176198,0.6072127094071055
-0.5892831413732038,2.451803035233372,0.256000225449533,0.9046169916672746,1.3215738949034428,0.5670862436391146,0.2714513815820643
-0.0269682202482868,0.8693273575995778,1.8006323549182173,1.145532786613146,0.8388907577898554,1.6393764268192876,1.6936027648828933
-0.0161405901881151,-0.3668447783913642,0.7912603373368584,-0.5300443054300875,-0.4911525238149345,0.6236793366402902,0.5931494077180985
1.5506174795187295,-0.8315052266716473,0.8330686457573879,0.6745346692992691,0.5815612619785108,0.912601969330504,0.7285086864747905
-0.6329545826158963,-1.05068468340763,0.2949644312564213,-0.5274649071972624,-0.4404479545219299,0.2573135240537316,0.1898842317858239
0.0545999262050066,1.027136566449485,0.7776086447913791,0.4217536424824019,1.2758941027475827,0.9900451492268496,0.9763743787435382
2.767643098282029,0.3389130722984999,2.17320979730525,0.9683281280180565,0.7810296877257661,3.179304273219702,4.485168150150775
0.1635980688107351,-0.4852016850287945,-0.8773746660865942,-0.5803425709701784,-0.5382027097354705,-0.8632297173695489,-0.8012269547469417
-0.2424380584457035,-1.396988225050482,-0.2670302451991339,-0.7093124826114371,-0.8026887063178998,-0.2859801687575561,-0.3851290160234482
-0.6159912955216273,-0.2967073522358502,-0.4058224527448377,-0.8452467694813238,-0.8649654896237222,-0.5358833531153797,-0.4976354295355039
-0.3081256808107454,0.0495961894070031,-0.8816408200070565,-0.5223061107316119,-0.4355754433586384,-0.9159506513759073,-0.8265408977871543
-0.9924319006135968,-2.047074493729407,-0.0633924980624043,-1.100607194531016,-1.2375603276416869,-0.3818905684753382,-0.3445212323964406
-0.7751574574061513,0.1504187395055549,-0.7590599973591088,-0.5511953709392539,-0.4127355472807084,-0.8635275757537658,-0.7437432090931257
2.749597048181743,-0.2265699260803349,2.3779851854874363,1.5445656932312004,1.0581537601379838,2.640180597787449,2.642875628890863
-0.493639075841687,0.6282299551899967,-1.0380664637573374,-0.8988982527240874,-0.9595226593863524,-1.1667474108863811,-0.9235776794413024
0.0578482152230582,-0.03807559328739,0.9784022893144672,-0.0381530624303265,-0.0153213555247262,0.8292016217498234,0.7724565042529372
0.8518744196356495,0.1548023286402741,-0.6236807129497747,0.6479668675011697,-0.3828914164055464,-0.8280824280319768,-0.7175503096973503
-0.6051636654614556,-0.2835565848316903,-0.7346007148817921,-1.1758482409825264,-1.575895321542757,-0.8903348303332699,-0.7428642527375628
-0.2774473956402589,-0.3536940109872055,1.2716292687809032,0.2453228033571601,0.2252588831628028,0.6475080073776276,0.6247918365183641
-0.5311748600502824,-1.1997267139880985,-0.2348918856649854,-0.9424900828588328,-0.9555637440661776,-0.2487478707304667,-0.2487149896400806
-0.5676278812528603,-0.6079421808009453,-0.191945936198999,-0.3046048998811672,-0.2234689417815949,-0.2648322234781691,-0.3701867579788783
0.8334674485333576,2.009060532626687,1.3740169628719965,1.2309108681196594,1.1053562120323723,1.564911830765109,1.482653239547789
0.5656640650451107,-1.2610969618741732,-0.6472867646429988,-0.5491318523529938,-0.4827778952530269,-0.6720046347024181,-0.6097902605053344
0.2372259532199026,0.8517930010606987,1.3939256811674867,1.1793229034631558,1.6839669126732657,1.34449662644474,1.3138936192797053
-0.4254250064626054,0.1811038634485927,0.4272152027907498,1.0730516962707586,0.8921838486383588,0.5849577466921178,0.2644197307375608
-0.4109881663823764,-1.451344730321006,-0.3933084012448152,-0.3874035831548553,-0.1965178644096376,-0.4509937136136158,-0.500975463686643
-0.4810068407714868,-1.2523297836047338,-0.47180563338132,-1.1863979797547812,-1.6114951062295568,-0.6463888136597806,-0.556349714087108
-0.4727056577253551,-0.9104098310966008,-0.6083225588361107,-0.2839697140185658,0.0136091795073184,-0.4486108465398821,-0.5879921428873737
-0.9094200701522804,-1.5872359934973157,-0.3952992730743644,-0.9597720510187616,-0.928003602798809,-0.591582870963905,-0.5336726401135843
0.2938905505348011,-1.2961656749519304,-0.7417109714158958,0.179548148420118,-0.3268575380276914,-0.8635275757537658,-0.7787256720445306
-0.5037448638978473,-0.9016426528271618,-0.736307176449977,-0.701316348089679,-0.8005569826839596,-0.8331460205636606,-0.7405789662130992
1.7177239034473797,-1.426358272253104,-0.0110610099714012,0.4410991292285907,-0.190427225455523,-0.1656453815340032,-0.1991418511863312
-0.4239813224545825,-0.0468427715568295,0.092179914903784,-0.0188075756841379,0.522177532175893,0.0547698227863653,-0.1244305609634817
-0.7065824670250639,0.6983673813455107,-0.4015562988243755,-0.3925623796205056,-0.1371341346070196,-0.5495848387893484,-0.518906173340127
-0.7152445710732013,0.1986382199874706,-0.631928610529335,-0.6737167869984496,-0.3533518174780903,-0.6824296781500033,-0.6377410726122359
-0.8101667946007065,-0.1125966085776244,-0.4629889152790313,-0.7655433640870258,-0.7792397463445583,-0.5576270151631996,-0.574632006282817
-0.6715731298305088,-0.6736960178217395,-0.2053132184831138,-0.7673489428500035,-0.8616156381989591,-0.3899327448491893,-0.3858321811078986
-0.8296565287090155,-1.720497103192793,-0.8281716908705967,-0.9086999660088232,-1.2587252980072354,-1.0377747305205436,-0.8585349091296451
0.865589417711867,-0.8183544592674885,-0.6364791747111612,-0.3551611052445406,-0.6548384457067663,-0.6600902993337497,-0.5748077975539296
-0.6322327406118848,-1.662195367701021,-0.0619704467555836,-0.9074102668924104,-0.5985000353812056,-0.0435234440051503,-0.1070272251233355
-0.427229611472634,-0.7920529244591705,-0.91207271797302,-0.7781824154278693,-1.2692316502030832,-1.1068778756588218,-0.9103933341078584
2.5474812870585377,0.7509704509621469,1.5987010693496728,1.477501339177746,1.2698034637934683,1.901491804929996,2.0610065215082
-0.147876755920204,-1.1997267139880985,-0.522146249642774,-0.4624640717300678,-0.5840347678651833,-0.5698392089160852,-0.5788509967895192
2.406722096276306,0.102199259023638,1.6840241477589168,2.039810153933634,1.1830118586973342,1.5351259923434375,1.4334316836362644
-0.9263833572465496,0.391516141915136,-0.911788307711656,-0.8026866986397084,-0.7510705411817779,-1.0872192223005182,-0.8880678426765598
-0.2792520006502875,-0.7876693353244507,-0.7161140478931225,-0.8743939695122483,-0.9062295685378492,-0.7318741699299779,-0.6869626285237601
-0.5557174881866715,-1.6183594763538252,-0.6760122010407779,-0.923144596112644,-1.0119021543917386,-0.7705957598781507,-0.7103428675817343
-0.7755183784081571,-0.8578067614799653,-0.334435477142437,-1.1777054077101603,-1.3643978838611248,-0.4545680142242165,-0.4283736687171447
-0.8321829757230556,-1.4798380596966836,-1.1620693377121056,-1.1722628774388997,-1.5335653808116596,-1.380907589138199,-1.0461041954067754
-0.6524443167242054,-1.8471828291861905,-0.2522409116081981,-1.147835976174045,-1.408555016278456,-0.3509132965167996,-0.3197346631695658
-0.0276900622522982,-1.3487687445685663,-0.3534909646538346,-1.0340845141064547,-1.2072593988449667,-0.3961877709177406,-0.3659677674721763
-0.8845165210138856,-0.441365793681598,-0.6717460471203156,-0.9657046669542594,-0.870903862603984,-0.7845951039363362,-0.6987406436883035
-0.3218406788869627,-1.3706866902421646,0.0284720163582151,-0.7776665357813043,-0.8599407124865777,-0.1060737046906602,-0.0699352669185798
-0.2839439736763618,-0.5684898785884679,-0.4288596839153337,-0.604588914358735,-0.46435371241683,-0.4533765806873494,-0.4601918887885229
-0.9888226905935396,-1.0156159703298724,-0.6990494322112737,-1.0320725834848512,-1.0271287517770251,-0.775361494025618,-0.7256367081685293
-0.2467691104697723,0.102199259023638,-1.233456313314507,-1.2618195840825894,-1.7450628184932917,-1.5074974024303027,-1.1259134324918898
-0.8430106057832273,-0.963012900713237,-0.4928519927222668,-1.0961448355882286,-1.3211543472869107,-0.6785575191551858,-0.5913321770385127
-0.6997249679869552,-1.4145225815893612,-0.5503028655178247,-1.13153417934259,-1.4630662349177823,-0.7643407338095999,-0.6460032623545273
-0.0038692761199204,0.4835715137442483,1.0583215727577928,0.7888020110134244,0.9591808771336204,1.0019594845955182,1.0625121015887058
0.2170143771075821,-0.4501329719510376,-1.1671887224166604,0.0041490685880061,-0.0016174178779682,-1.1509609165228951,-1.0257124079577151
-0.0987914996474256,-2.1163352020579773,-0.5050816339609252,-0.8235798243255922,-1.313845580541973,-0.7595749996621322,-0.641081106763375
-0.1352445208500037,0.3432966614332191,-0.9405137441094348,-0.2390881847674078,-0.2613831692709588,-1.0642841267158314,-0.8616991520096717
0.6761058916588624,-1.1821923574492197,1.7608149183272368,0.7310234905981403,0.4247273089100581,1.2789677819170624,1.3648730879023556
-0.6639937887883886,0.9789170859675692,-0.4268688120857847,-0.3848241849220301,0.0136091795073184,-0.4307393434868793,-0.4941196041132522
0.5956205082115861,1.1761785970299536,1.732373892190822,2.617595358086473,2.3432785794561783,1.901491804929996,1.858846559728725
-0.5329794650603109,-0.2967073522358502,-0.5602572246655699,-0.8253854030885698,-0.8990730677667644,-0.4810774104195041,-0.5229493725757164
-0.7044169410130295,0.2643920570082655,-0.4692459410290427,-0.7183403764263252,-0.8920688329695324,-0.5528612810157322,-0.5382432131625116
-0.5344231490683339,-0.1871176238678588,-0.1091825501420321,-0.5568700470514693,-0.8482162324999069,-0.2639386483255189,-0.2297295323599213
-0.6196005055416846,-1.3619195119727252,-0.5941020457679034,-1.1175796349030058,-1.3193271556006765,-0.7303848780088944,-0.627896761429931
0.116678338549991,1.1674114187605142,0.4516744852680666,0.9275736359394188,0.6653075475975876,0.6713366781149651,0.4226318747388891
0.5970641922196088,0.4485028006664913,0.4889322295067696,0.7967981455351826,-0.1508380722537776,0.1917846795260543,0.1663282014567373
-0.2456863474637551,0.4879551028789675,0.3933703816884163,0.554334711649616,1.2713261235319968,0.5075145667957717,0.3329783264714697
-0.493639075841687,-0.1564324999248209,-0.4007030680402831,-0.500897105399163,-0.244024848251732,-0.2398121192039654,-0.432944241766072
-0.388250143256016,0.4397356223970518,-0.7610508691886578,-1.0662238160874564,-1.437181019362795,-0.904036316007239,-0.7813625411112194
-0.6885364169247777,-0.6912303743606186,-0.7533717921318259,-1.185959482055201,-1.4912354400805627,-0.7500435313671975,-0.6818646816614952
-0.7982564015345176,-0.4457493828163177,-0.5417705576769003,-1.0416679449109607,-1.1385874446373236,-0.6770682272341023,-0.5911563857674004
1.4831252521436598,0.5493253507650432,0.7500208494390571,1.3005546204059388,1.0368365237985822,1.070466912965362,0.8462888381202238
-0.8076403475866664,-0.7964365135938902,-0.3998498372561908,-0.7206618348358679,-0.8543068714540215,-0.5921785877323388,-0.5354305528247102
0.8554836296557067,0.7641212183663055,1.2431882426444885,0.3090339397079419,1.3733443260134175,1.6036334207132814,1.7445822335055434
-0.517098940972059,0.3432966614332191,-0.9786247191322306,-0.8039763977561211,-0.755486254423511,-1.050880499426079,-0.8729497933608772
2.1793418650127,0.83864223365654,3.1060754545796536,2.3751319242009066,1.4357733752930928,2.833788547528313,3.560506064098567
-0.2023758272230683,-0.1301309651165035,-0.0389332155850876,-0.1725397103605183,0.4079780517862429,0.12327725115621,-0.0324917261715986
-0.7968127175264947,-0.3975299023344014,-1.0648010283255671,-0.6706215091190595,-0.5086631108080144,-1.0726241614738994,-0.9263903397791036
-0.8845165210138856,0.4134340875887343,-0.7991618442114536,-0.4000426344956986,-0.108203599574975,-0.819146676505475,-0.7745066815378285
0.7847431132625852,-0.4632837393551963,1.5332867092359188,1.583256666723578,1.6885348918888516,1.4993829862374313,1.1591973007006289
-0.2186172723133258,0.5975448312469589,-0.6671954829384892,-0.4235151584144077,-0.5476432001143481,-0.6880889874501208,-0.640202150407812
-0.2424380584457035,0.1591859177749945,-0.9479084109049026,-0.7363961640561014,-1.1247312410167127,-1.083347063305701,-0.920237645290163
-0.5853130103511408,-0.1520489107901018,-0.5960929175974524,-1.0428802620803883,-0.9695722136606416,-0.6171986920065424,-0.5589865831537968
-0.2251138503494289,-0.4545165610857573,0.0392796062900529,-0.3518078875418679,0.1597845144060701,0.2066775987368901,0.000381241526455
-0.8462588948012788,0.9087796598120552,-0.7172516889385792,-0.6628833144205839,-0.7480252217047207,-0.8218274019634255,-0.7115734064795223
-0.1594262279843873,-0.1345145542512227,-0.6489932262111838,-0.8008811198767307,-1.0193631871105289,-0.7199598345613091,-0.6757119871725547
-0.1868562241368223,-1.4373172450899032,-0.6652046111089402,-0.9620935094283044,-1.096105237932374,-0.7044711985820401,-0.5943206286474269
0.4158818492127356,0.992067853371728,0.2949644312564213,1.9417930210862773,1.5058157232654117,0.3615639585295818,0.0610292300602975
2.128091082727887,0.9043960706773349,3.854074441967361,3.6725692353119697,2.451387420891713,3.635027601071276,4.137101433347852
0.8959067818803477,1.47426265819089,0.1755121214834794,0.4284600778877476,0.5785159425014538,0.4151784676885903,0.2978200722489523
0.0614574252431154,-1.9168818964282333,-0.7687299462454897,-0.8823901040340063,-1.1478756690423484,-0.823316693884509,-0.7507748599376293
-0.162313596000433,-0.998081613790994,-0.4809067617449727,-0.1292058200490553,-0.334318570746482,-0.5433298127207975,-0.5857068563629101
-0.3413304129952719,0.0846649024847601,-0.4063912732675661,0.1834172457693559,0.1704431325757709,-0.3884434529281058,-0.5087102796155969
-0.544528937124494,-0.748217033111974,-0.1740280897330576,-0.723241233068693,-0.8990730677667644,-0.3133831401054939,-0.3272936878274071
0.4797648665677488,-1.3531523337032856,-1.1771430815644055,-0.6476648648469154,-1.0199722510059406,-1.250743475235495,-1.0170986356731986
0.3707667239620204,0.0408290111375635,-1.070204823291486,-0.8991561925473699,-0.975815118588609,-0.9373964550395107,-0.7752098466222788
-0.1951574071829538,-1.72882592254876,-0.4635577358017598,-1.1212681743759456,-1.4961079512438544,-0.6088586572484749,-0.5183787995267891
-0.5163770989680477,-0.8052036918633292,-0.3094073741423918,-0.6365734524457671,-0.8902416412832981,-0.4265693261078453,-0.4559728982818207
-0.6636328677863829,-0.1125966085776244,-0.4501904535176447,-0.802428758816426,-0.4794280438282639,-0.5790728188268034,-0.5289262757935443
-0.2391897694276522,0.0627469568111618,0.5210705890409184,-0.0146805385116176,-0.3559403390335889,0.2960351140019044,0.2257456510927916
-0.8906521780479827,-0.4852016850287945,-0.2914895276764506,-0.8818742243874412,-0.6811804591833122,-0.4021449386020745,-0.3816131906011965
0.6241332673700379,0.0145274763292461,1.8148528679864249,0.746241940171809,0.9424316200098048,1.6066120045554484,1.5810963513708376
2.0605988553528167,-0.2002683912720175,1.6470508137815778,2.0011191804412563,1.5317009388203988,1.570868998449443,1.3894838658581177
-0.5503036731565858,0.1942546308527515,-0.5588351733587492,-0.7389755622889266,-0.4007065353463319,-0.3994642131441244,-0.4499959950639928
2.8939654489840323,0.1723366851791532,2.534410829237717,0.9216410200039208,1.0261779056288816,2.747409616105466,3.9771313766353984
2.175732654992643,-0.1301309651165035,2.352388261964663,2.609857163387998,1.9580456656084253,2.613373343207944,2.3668833332441013
0.0939403154236306,0.4002833201845743,0.5276120250522938,1.0010864855749362,1.6778762737191508,0.6564437589041294,0.4999800340284274
-0.8188288986488439,-0.8665739397494042,0.1618604289380001,-0.5764734736209406,-0.4998316843245479,-0.0822450339533232,-0.108081972750011
-0.2301667443775091,-0.5772570568579074,2.079354411055082,1.9753251981130049,1.248486227454067,1.3355608749182382,1.1504077371449994
0.7526211440840757,1.044670922988364,1.9343051777593665,1.0444203758863992,1.4707945492792522,1.7734126997168094,1.872909861417732
-0.8469807368052902,-0.9586293115785172,-0.2155519878922231,-0.7379438029957964,-0.6811804591833122,-0.2413014111250489,-0.3691320103522028
-0.8325438967250613,-0.3887627240649625,0.3800030994043013,0.1302816421731571,0.1597845144060701,0.1739131764730512,-0.0335464737982742
-1.059924127988667,-0.7920529244591705,-0.90041189725709,0.2706009060388467,0.4856336984512048,-0.9159506513759073,-0.9293787913880176
-0.8527554728373818,-0.9454785441743584,-0.2639017323241282,-0.9737008014760176,-0.8648132236498693,-0.3023623798894753,-0.3515528832409441
-0.9563398004130244,-0.2134191586761762,-0.2112858339717609,-0.6244502807514889,-0.1401794540840771,-0.2770444172310547,-0.3930396232235146
-0.6993640469849494,3.771263364783988,-0.8341443063592436,0.3804832707571993,2.098130361553063,-0.4617166154454175,-0.6547928259101568
-0.5376714380863854,1.2550832014549074,-0.7638949718022993,0.1697464351353824,0.2618027168874909,-0.6651538918654335,-0.7110460326661845
-0.8697187599316508,-1.0024652029257135,-0.8025747673478234,-0.7268523905946482,-0.7166584310910301,-0.8200402516581252,-0.7620255012888347
-1.031411368830215,-1.945375225803911,-0.5889826610633487,-0.4936747903472525,-0.0823183840199875,-0.5927743045007721,-0.6894237063193365
-0.5210690719941221,0.4528863898012105,-0.5460367115973626,-0.5189528930289392,-0.2522472108397868,-0.3583597561222175,-0.4923616914021263
-0.8007828485485577,-0.6912303743606186,-0.3216370153810503,-0.5230799302014595,-0.3483270403409456,-0.3178510158687443,-0.4515781165040061
0.0379975601127434,-0.0512263606915487,0.027903195835487,0.09778122443956,0.3242317661671662,-0.1507524623231674,-0.2151388568575765
-0.5001356538777901,-1.3049328532213698,-0.5485964039496398,-0.6082000718846902,-0.3533518174780903,-0.5841364113584872,-0.6164703288076128
-0.5452507791285056,-2.08345828354758,-0.1657801921534974,-1.0423901764161518,-1.0542320951228357,-0.2264084919142131,-0.2378159308311004
-0.2695071335961329,-0.971780078982676,-0.747683586904543,-0.5506794912926888,-0.4855186827823785,-0.8200402516581252,-0.7569275544265698
0.7417935140239039,-0.3186252979094485,1.476404656963089,1.3717460116319138,1.0337912043215247,1.0347239068593566,0.7601511152750562
-0.7726310103921112,0.0846649024847601,-0.9479084109049026,-0.7541940118625952,-0.7254898575744962,-1.0136482013989898,-0.8544917098940555
0.4032496141425355,0.5975448312469589,-1.1961985690758032,-1.2618195840825894,-1.7450628184932917,-1.2882736316468006,-0.9907299450063104
0.8728078377519816,1.5663180300200024,0.2554314049268049,1.0887860254909922,1.4844984869260105,1.0377024907015235,0.8410150999868462
0.7905178492946765,0.7816555749051847,2.1390805659415526,2.7672004555903333,1.9428190682231388,1.9282990595095009,2.110228077419724
-0.4369744785267885,0.4748043354748087,-0.5935332252451752,-0.4039117318449364,-0.7909642263312291,-0.5638820412317508,-0.564436112558287
-0.9195258582084408,-1.1295892878325835,-0.1302289094829789,-0.4232572185911253,-0.5404866993432634,-0.3229146084004285,-0.3446970236675532
-0.6914237849408235,0.4572699789359308,-0.2752781427786941,0.1261546050006368,0.4673617815888611,-0.2958094954367076,-0.3610456118810237
-0.1489595189262213,-1.6231814244020166,-0.4169144529380395,-0.2086512856200707,-0.4818642994099096,-0.492693887403956,-0.5090618621578221
-0.7928425865044317,-0.8928754745577223,-0.7869322029727953,-1.0749163881320771,-0.8990730677667644,-0.7884672629311534,-0.6748330308169916
-0.2215046403293717,-0.3493104218524857,-0.6342038926202482,-0.839314153545826,-0.9295262625373376,-0.6332830447542452,-0.5600413307804724
-0.0078394071419834,2.407967143886175,0.9644661865076242,1.8282994988419696,1.2454409079770097,1.2610962788640596,0.7443299008749233
-0.5521082781666143,0.2205561656610689,-0.6034875843929203,-0.7985596614671882,-0.6980819822809804,-0.5844342697427041,-0.5116987312245109
-0.6116602434975587,-1.7130450016637695,-0.3688491187674985,-0.7761188968416092,-0.7388892632735486,-0.3261910506268124,-0.4547423593840327
-0.9361282243007036,-0.6649288395523005,-0.4189053247675885,-0.6453434064373728,-0.467855829815446,-0.5233733009782776,-0.5268167805401934
-0.078940844537111,-1.2084938922575372,-0.5284032753927853,-0.7320111870602987,-1.0152520058165015,-0.6895782793712043,-0.6108450081320099
-0.0922949216113227,0.1723366851791532,-0.8102538444046553,-0.5055400222182483,-0.5441410827157322,-0.7297891612404607,-0.7175503096973503
-0.6008326134373869,-0.5158868089718324,0.4127102794611783,-0.0938680642593504,-0.0259799736944269,0.2573135240537316,0.1183371844430009
0.3397275177895281,-1.6810448009803156,-0.3992810167334624,-0.7802459340141294,-0.8922210989433854,-0.465588774440235,-0.4127282455881245
0.1751475408749182,0.6939837922107915,0.9579247504962488,1.0142414165623446,1.260667505362296,0.9185591370148378,0.8234359728755875
-0.2561530565219211,-0.3668447783913642,-0.5369355832337097,-0.5775052329140706,-0.2936635557277665,-0.5439255294892309,-0.4753099381042053
-0.7708264053820827,0.5668597073039222,-0.7254995865181394,-0.7201459551893028,-0.4206533779210573,-0.6609838744864,-0.6315883781232954
-0.7524194342797907,0.1986382199874706,-0.8011527160410027,-0.6221288223419462,-0.6135743667926393,-0.8140830839737908,-0.7193082224084762
-1.0342987368462608,-1.0419175051381906,-1.0980770289051724,-1.1295480427033144,-1.3546528615345417,-1.210830451750455,-1.0188565483843244
-0.312456732834814,-1.0813698073506672,0.1103821716310897,-0.2620448290395517,0.2465761195022043,0.0875342450502042,-0.0237021626159693
0.2271201651637424,-0.7701349787855722,0.1837600190630396,-0.5553224081117741,-0.7439140404106932,0.0845556612080368,0.089331624709424
-0.4709010527153265,0.4485028006664913,-0.6288000976543293,-0.6997687091499839,-0.4868890765470544,-0.6603881577179662,-0.6287757177854939
0.0903311054035733,0.8868617141384569,-1.091251182632433,-0.9375892262164652,-1.1710200970679845,-1.147684474296511,-0.9161944460545736
3.482266682253361,0.8474094119259795,0.4215269975634669,0.9257680571764412,1.504293063526883,1.4844900670265957,1.5248431446148096
-0.6491960277061539,-0.0424591824221104,-0.4547410176994712,-0.6422481285579825,-0.4928274495273162,-0.5701370673003017,-0.5514275584959556
-0.4283123744786513,-0.1827340347331384,-0.7809595874841482,-0.9842763342306008,-1.0894055350828478,-0.8340395957163108,-0.7428642527375628
-0.4286732954806569,-0.3273924761788874,-0.6973429706430889,-0.8934815164351545,-0.730362368737788,-0.6204751342329263,-0.632994708292196
0.5089994677302124,-0.0512263606915487,0.0034439133581702,0.3632013025972705,-0.057955828203529,0.2036990148947226,-0.1254853085901571
-0.5759290642989919,0.4002833201845743,-0.7016091245635511,-0.1018641987811083,-0.0625238074191149,-0.754511407130448,-0.7117491977506349
-0.6524443167242054,-0.774518567920292,-0.2263595778240609,-0.0206131544471153,0.3973194336165421,-0.1745811330605045,-0.3019797447871947
1.0514637337448145,0.3257623048943411,-1.0386352842800657,-0.7544519516858776,-1.0463142644824863,-1.0565398087261966,-0.8783993227653675
-0.7942862705124547,-0.8665739397494042,-0.9885790782799756,-1.1287484292511387,-1.3523688719267482,-1.1122393265747224,-0.8864857212365465
-0.2799738426542988,0.0145274763292461,-0.9137791795412048,-0.6897090560419658,-0.3274666019231029,-0.7700000431097174,-0.7738035164533782
-0.3517971220534379,-0.0906786629040261,-0.8389792808024343,-0.8996720721939351,-0.6053520042045846,-0.7020883315083064,-0.6874900023370979
-0.9516478273869502,-1.2873984966824914,-0.778684305393235,-0.9084420261855404,-1.129299220232299,-0.980288062366718,-0.8077312317781074
-0.3961904053001418,-1.120822109563144,-0.4368231712335298,-0.7885000083591699,-1.1950781209367372,-0.547797688484048,-0.5164450955445509
-0.5492209101505685,0.4178176767234535,0.0856384788924088,1.2430340398139377,2.0235200343651583,0.5402789890596106,-0.0841743598786991
-0.8246036346809354,0.5537089398997623,-0.5321006087905192,-0.5398460187148231,-0.6228625911976642,-0.5257561680520113,-0.6412568980344876
0.1007978144617391,1.4961806038644885,1.6925564555998414,1.9856427910443055,1.5636767933295008,1.1538672605460425,1.0519646253219506
1.4939528822038315,0.2906935918165841,1.294382089690035,0.9936062306997432,0.855640014913671,1.1330171736508727,1.2699458015015586
-0.3694822511517182,-0.4632837393551963,0.0535001193582602,-0.5197267124987868,-0.5313507409120913,-0.1477738784810005,-0.1812111415328473
-0.6654374727964114,1.268233968859066,-0.1575322945739372,0.405245493792321,1.0368365237985822,0.1977418472103887,-0.0198347546514925
-0.1395755728740725,-0.4808180958940753,-0.4143547605857622,-0.7227253534221281,-0.7729968414165909,-0.361040481580168,-0.4459527958284034
-0.0576465054187733,-0.5641062894537487,-0.1242562939943318,-0.5024447443388581,-0.6102245153678764,-0.1805383007448389,-0.2295537410888087
-0.2283621393674805,-0.9016426528271618,-0.1771566026080633,-0.670363569295777,-0.8482162324999069,-0.1894740522713403,-0.2311358625288219
-0.6892582589287891,-1.2698641401436122,-0.1376235762784468,-0.5777631727373532,-0.4940455773181391,-0.3196381661740447,-0.3369622077385995
-0.5333403860623166,0.2950771809513033,-0.8059876904841932,-0.3298830025628538,0.6226730749187849,-0.5099696736885254,-0.7105186588528468
0.3783460650041405,0.4923386920136878,0.7790306960982,0.2177232422659307,0.9028424668080596,0.7606941933799796,0.709171646652406
-0.1763895150786562,-1.1032877530242655,-0.1962120901194612,-1.005504781686752,-1.2407579130925972,-0.2788315675363547,-0.3058471527516714
-0.8061966635786436,-1.5092081068993055,-0.8930172304616223,-0.9752484404157126,-1.4067278245922217,-1.1292172544750754,-0.904064848347805
-0.3846409332359587,-0.2660222282928123,0.9530897760530582,0.3513360707262747,0.5922198801482116,0.7755871125908153,0.7232349483414129
-0.5156552569640364,-0.0556099498262691,-0.6074693280520183,-0.1593847793731098,0.0851741872181656,-0.6785575191551858,-0.6445969321856267
-0.0558419004087447,0.3389130722984999,0.92919931409847,0.8772753703993279,1.2545768664081816,1.1359957574930395,0.978132291454664
-0.6668811568044343,-0.4282150262774393,0.0566286322332656,-0.6788755834641,-0.4800371077236753,-0.0405448601629829,-0.089799680554302
-0.5474163051405398,-1.0287667377340317,0.0136826827672796,-0.5073456009812258,-0.2842230653488888,0.0249839843646939,-0.0880417678431761
0.9352471710989716,0.1942546308527515,2.0736662058277986,1.7173853748304873,1.7266013853520683,1.815112873507149,2.006511227463298
-0.5383932800903968,-1.6569350607393578,-0.633919482358884,-0.6463751657305028,-0.4127355472807084,-0.7074497824242071,-0.65637494735017
0.2245937181497022,0.8956288924078952,1.5247544013949943,1.0758890343268663,0.4871563581897337,0.9691950623316796,0.9500056880766502
-0.7722700893901056,-0.5071196307023929,-0.6040564049156485,-0.760126627798093,-0.6615381485562923,-0.6609838744864,-0.6273693876165931
-0.3579327790875352,0.102199259023638,-0.0304009077441631,0.4134995681373613,-0.117339558006147,-0.1239452077436634,-0.2297295323599213
-0.8516727098313647,-0.432598615412159,-0.4607136331881183,-0.6757803055847098,-0.2450907100687021,-0.4658866328244515,-0.4343505719349726
-0.2323322703895434,-0.6649288395523005,-0.2778378351309714,-0.4199040008884524,-0.5630220634734876,-0.3148724320265774,-0.3076050654627973
-0.3308637039371059,0.3608310179720982,-0.6819848165294249,-0.7415549605217517,-0.704324887208948,-0.6320916112173782,-0.6201619455009771
-0.7101916770451211,-0.1520489107901018,-0.332729015574252,-0.7284000295343434,-0.8307056455068272,-0.475715959503603,-0.4354053195616482
-0.5163770989680477,-0.4632837393551963,-0.3830696318357059,-0.8073296154587938,-0.843495987310468,-0.4825667023405875,-0.443140135490602
-0.8195507406528553,-0.9367113659049188,-1.035222361143696,-0.9927883483989236,-1.004136589725242,-1.1685345611916813,-0.9328946168102694
1.8909659844101272,1.2112473101077108,0.7850033115868471,0.3969914194472804,0.6226730749187849,1.3355608749182382,1.3490518735022228
7.730306875860725,0.1460351503708345,5.250528825265325,3.09478403115913,2.2519189951444583,4.287337462505881,5.93017239869624
-0.626818925581799,-1.3443851554338466,-0.0249971127782444,-0.8137781110408567,-0.8980072059497943,-0.204366971482176,-0.2566255968401471
-0.8069185055826549,0.0802813133500409,-0.6888106628021645,-0.8034605181095559,-0.4830824272007327,-0.7321720283141943,-0.677645691154793
-0.7322078581674702,-0.1827340347331384,-0.334435477142437,-0.5215322912617644,-0.153883391730835,-0.3622319151170351,-0.339247494263063
-0.4481630295889658,-0.5378047546454306,-0.3185085025060446,-0.5310760647232174,0.3211864466901087,0.2305062694742271,-0.2585593008223856
-0.3247280469030086,0.1197336155625171,-0.3355731181878935,-0.3564508043609532,0.0531983327090636,-0.1894740522713403,-0.3366106251963742
-0.2294449023734975,0.2819264135471446,-1.0483052331664466,-1.1130141000309053,-1.3643978838611248,-1.0767941788529334,-0.8796298616631556
1.8902441424061156,-0.5115032198371127,0.9260708012234642,1.3227374452082354,1.294166019609927,1.082381248334031,0.978132291454664
0.0177859840004229,2.000293354357248,-0.6999026629953662,0.1733575926613377,0.4110233712633003,-0.5695413505318683,-0.6196345716876392
-0.0995133416514372,-0.3931463131996823,-1.0403417458482505,-0.871298691632858,-0.7461980300184862,-1.083644921689918,-0.8708402981075262
0.7251911479316405,-1.239179016200575,-0.5830100455747017,-0.6486966241400455,-0.9004434615314402,-0.5963486051113728,-0.5501970195981675
-0.5795382743190493,-1.1339728769673034,0.0910422738583275,-0.4309954132896006,0.0014279015990889,0.1411487542092127,0.0457353894735025
0.1455520187104489,-1.6722776227108769,-0.5389264550632589,-1.2618195840825894,-1.7450628184932917,-0.660686016102183,-0.5654908601849625
-0.9274661202525666,0.0364454220028443,-0.8418233834160758,-0.8565961217057545,-0.5321120707813558,-0.7887651213153702,-0.786636279244597
-0.9213304632184692,0.0101438871945257,-0.4208961965971377,-0.4678808080190008,-0.255444796290697,-0.4182292913497773,-0.4830447540331593
-0.2070678002491427,-0.748217033111974,-0.1037787551761134,-0.4730396044846511,0.2937785713965928,0.1441273380513797,-0.0915575932654279
-0.9011188871061488,-1.688935261422811,-0.1578167048353013,-0.9164381607072988,-0.7976639291807552,-0.1805383007448389,-0.2842248264048233
-0.7282377271454072,0.1241172046972362,-0.710994663188568,-0.7539360720393127,-0.6135743667926393,-0.751234964904064,-0.7259882907107544
-0.3265326519130372,0.2337069330652277,0.4576471007567134,1.109679151176876,0.9576582173950914,0.4419857222680944,0.1039223002117689
-0.6704903668244915,-0.5071196307023929,-0.5676518914610377,-0.8679454739301854,-0.8786694272704803,-0.5489891220209151,-0.5857068563629101
-0.2655370025740699,-1.1383564661020231,-0.1478623456875562,-0.7278841498877784,-0.5040951315924282,-0.0852236177954901,-0.0880417678431761
-0.8892084940399599,0.3038443592207429,-0.3088385536196637,0.0964915253231474,0.2876879324424784,-0.3669976492645024,-0.3874143025479118
-0.5849520893491351,-0.5465719329148696,-0.2383048088013549,-0.4467297425098342,-0.3629445738308208,-0.3419775449902983,-0.3411811982453015
-0.8740498119557195,0.9526155511592506,0.2625416614609085,0.3402446583251264,0.4658391218503322,0.1560416734200485,-0.0462034453183805
-0.0471797963606073,-0.6517780721481419,-0.5067880955291102,-0.0118432004555097,0.2983465506121792,-0.2812144346100887,-0.5273441543535311
-0.6668811568044343,-0.7964365135938902,0.0316005292332208,-0.5419095373010833,-0.5531247751730513,-0.0375662763208159,-0.0871628114876132
0.5801009051253397,0.8342586445218207,1.456495938667599,1.8179819059106688,1.3916162428757612,1.3891753840772472,1.5107798429258028
-0.1222513647777977,0.8868617141384569,-0.666626662415761,-0.4539520575617448,-0.2505722851274052,-0.6163051168538928,-0.581487865856208
-0.5697934072648948,-1.3794538685116036,0.5765305900069272,-0.6667524117698217,-0.4147150049407955,0.5968720820607861,0.3575891044272319
-0.654248921734234,-0.2967073522358502,-0.5357979421882532,-0.9365574669233352,-0.7804578741353811,-0.4325264937921797,-0.4529844466729069
0.282341078470618,-1.4793997007832118,0.9590623915417054,-0.1841470024082316,-0.4750123305865307,0.5909149143764517,0.5790861060290915
1.2618806779141514,-0.0643771280957086,1.001439520484963,0.7403093242363109,0.522177532175893,1.076424080649697,0.9587952516322796
-0.2799738426542988,-1.664825521181853,-0.5050816339609252,-0.9654467271309768,-1.3369900085676087,-0.7154919587980586,-0.6092628866919967
-0.2940497617325221,-0.9016426528271618,-0.3304537334833386,-0.9378471660397476,-1.106307058180516,-0.3565726058169172,-0.4083334638103098
-0.6239315575657532,-0.4720509176246358,0.0739776581764787,0.0152404809891544,-0.1965178644096376,-0.1001165370063259,-0.1704878739949794
-0.6235706365637476,0.9175468380814936,-0.4814755822677009,0.0469670792529041,0.3973194336165421,-0.3565726058169172,-0.4339989893927473
-0.9094200701522804,-0.209035569541457,-0.4971181466427291,-0.6507601427263057,-0.1417021138226055,-0.4301436267184461,-0.4804078849664705
1.3972260536662977,0.3871325527804156,1.1749297799170932,1.1068418131207682,0.787120326679881,1.1657815959147113,1.264672063368181
0.6685265506167422,0.615079187785838,1.8916436385547444,1.6296858349144314,1.4723172090177807,1.6661836813987914,1.54593809714832
-0.1197249177637577,-0.8271216375369275,0.0981525303924312,0.3224468105186328,-0.1949952046711089,0.0726413258393685,-0.0416328722694532
0.2523846353041431,2.0616636022433235,-0.1677710639830465,0.481595681483946,0.5709026438088105,-0.0375662763208159,-0.1627530580660256
-0.5322576230562995,1.1235755274133177,-0.5079257365745666,-0.4160349035392147,-0.46435371241683,-0.6133265330117253,-0.577620457891731
3.1971390906688395,-0.5465719329148696,2.9212087846929577,1.3253168434410607,1.7022388295356092,3.104839677165524,3.3425248879189597
0.0087629589502798,2.535091228793046,-1.155243491439366,0.0928803677971921,-0.1843365865014084,-1.1381530060015763,-1.0202628785532253
-0.4719838157213438,2.9909844988038894,-1.087553849234699,0.5535608921797683,-0.108203599574975,-1.1256429538644743,-0.9712171139128132
-0.8087231105926835,0.3432966614332191,-0.5739089172110489,-0.7031219268526567,-0.5135356219713061,-0.6591967241810995,-0.6421358543900505
-0.8202725826568668,1.4830298364603285,-0.8202082035524005,-0.1609324183128049,-0.2964043432571181,-0.9287585618972262,-0.8253103588893661
-0.7163273340792184,0.1328843829666758,0.4690235112112793,-0.0848401704444623,0.3211864466901087,0.0756199096815354,0.0837063040338214
-0.260123187543984,1.7898810758907042,0.2173204299040089,0.9358277102844592,1.548450195944214,0.3109280332127402,0.0506575450646549
-0.7679390373660369,-1.0989041638895458,-0.6509840980407329,-0.5811163904400259,-0.1371341346070196,-0.7747657772571847,-0.7150892319017741
-0.6748214188485602,-0.809587280998049,0.0734088376537506,-0.6063944931217127,-0.5337869964937373,-0.1656453815340032,-0.2116230314353248
-0.0525936113906931,1.097273992605,-0.2792598864377921,0.8460646517821433,1.3779123052290037,0.1798703441573856,-0.0636067811585266
0.040884928128789,-0.441365793681598,0.011122990415002,-0.140039292626921,-0.3463475826808584,0.0368983197333626,-0.0326675174427112
-0.0691959774829564,-0.3405432435830461,0.1337038130629496,-0.1436504501528763,-0.0396839113411849,0.1947632633682213,0.151913317225505
-0.5853130103511408,0.6983673813455107,-0.7499588689954562,-0.5927236824877392,-0.4444068698421046,-0.8373160379426946,-0.7066512508883699
0.5043074947041382,0.7378196835579881,1.1294241380988297,1.1759696857604829,0.5541533866849949,1.0406810745436903,1.0765754032777128
0.3707667239620204,0.4090504984540139,1.5901687615087483,1.1708108892948328,0.7109873397534475,1.5857619176602786,1.345536048079971
0.1350853096522829,0.580010474708081,-0.4601448126653899,0.1060352987846006,-0.0762277450658729,-0.236833535361798,-0.3619245682365867
-0.0785799235351051,0.6632986682677537,-0.4581539408358409,-0.4892898133514496,-0.5200830588469794,-0.4060170975968921,-0.4508749514195557
-0.1854125401287993,2.307144593787624,-1.1293621576552286,-0.6373472719156147,-0.6393073163737738,-1.174193870491799,-0.973853982979502
2.1161806896616984,0.0802813133500409,3.373421100261952,2.5324752164032427,2.0235200343651583,2.9320818143198286,3.096417108361337
-0.9772732185293566,-0.9454785441743584,-0.7587755870977446,-1.1157224681753717,-1.313845580541973,-0.9198228103707248,-0.7817141236534446
-0.3106521278247854,0.4441192115317709,-0.2385892190627191,-0.2860332326048259,0.2100322857775161,-0.2332592347511973,-0.3141093424939631
-0.5607703822147516,0.4178176767234535,-1.0286809251323206,-0.6386369710320273,-0.7510705411817779,-0.9811816375193682,-0.8861341386943212
-1.005064135683797,1.390974464631216,-1.2331719030531425,-0.872330450925988,-0.4489748490576905,-1.3094215769261874,-1.0635075312469215
-0.7412308832176133,1.3164534493409816,-0.2951868610741844,-0.4487932610960944,0.4277726283871155,-0.1596882138496688,-0.2826427049648101
-1.0415171568863753,-0.1388981433859418,-0.5301097369609702,-0.5790528718537657,-0.1158168982676183,-0.5969443218798061,-0.5549433839182073
0.5086385467282067,0.3082279483554621,-0.1726060384262368,0.4444523469312635,-0.1995631838866948,-0.3795077014016045,-0.3995439002546804
-0.5553565671846658,0.8649437684648587,-0.5963773278588166,-0.5401039585381056,-0.6193604737990483,-0.6058800734063075,-0.5813120745850954
0.1199266275680426,0.1109664372930775,-0.6598008161430214,-0.1165667687082119,-0.2071764825793382,-0.5582227319316333,-0.5770930840783933
-0.7163273340792184,0.992067853371728,-0.6788563036544193,-0.7054433852621994,-0.5086631108080144,-0.6034972063325738,-0.5800815356873072
-0.7235457541193329,-0.261638639158092,-0.2257907573013325,-0.7768927163114566,-0.41973978207794,-0.1686239653761706,-0.1884185836484634
1.5462864274946613,-0.9936980246562742,1.8319174836682732,1.3562696222349628,0.7109873397534475,1.3325822910760712,1.3437781353688452
-0.9184430952024236,0.4572699789359308,-0.8227678959046778,-0.5426833567709308,-0.2435680503301734,-0.918333518449641,-0.8316388446494193
1.0590430747869346,-0.244104282619214,1.8575144071910468,2.148144879712292,1.525610299866284,1.576826166133777,1.6320758199934875
-0.7307641741594474,0.2468577004693876,-0.0713559853806006,0.3216729910487852,0.3287997453827521,-0.0882022016376575,-0.2677004469202402
-0.3951076422941246,1.9476902847406128,-0.7067285092681058,-0.0930942447895027,0.2465761195022043,-0.6297087441436445,-0.6906542452171245
-0.0991524206494315,-0.2967073522358502,-1.354046264132905,-1.2618195840825894,-1.7450628184932917,-1.4920087664510335,-1.1120259220739956
-0.6697685248204801,1.1937129535688316,-1.3779367260874935,-0.9099896651252356,-0.9837329492289582,-1.571834813421113,-1.1549189922254668
-0.4575469756411148,0.0934320807541996,-0.7166828684158509,-0.5927236824877392,-0.6916868113791599,-0.8483367981587132,-0.743215835279788
-0.5448898581264999,0.0715141350806013,0.0042971441422625,-0.2584336715135966,0.0897421664337516,0.1858275118417199,-0.126012682403495
-0.3683994881457011,-1.1558908226409017,0.0389951960286887,-0.4810357390064091,-0.0777504048044016,0.0041338974695242,-0.0952492099587923
-0.613825769509593,-1.1032877530242655,-0.3313069642674313,-0.4170666628323448,-0.5333301985721787,-0.440270811781814,-0.4412064315083635
-0.480645919769481,-0.261638639158092,-0.199340602994467,-0.6507601427263057,-0.7028022274704193,-0.241003552740832,-0.3374895815519371
-0.2135643782852458,-0.4720509176246358,-0.2323321933127078,-0.6316725958033993,-0.6527067220728261,-0.2883630358312897,-0.2650635778535514
-0.7029732570050067,-0.1695832673289797,-0.9385228722798858,-1.120081651188846,-1.382517534749616,-1.0764963204687166,-0.871367671920864
-1.049457418930501,0.6019284203816793,-0.9501836929958158,-0.6329622949198119,-0.4762304583773536,-1.0776877540055836,-0.9197102714768254
-0.3951076422941246,-0.5465719329148696,-1.0500116947346316,-1.013810443996449,-1.1594478830551664,-1.1366637140804932,-0.9077564650411696
0.4129944811966897,-0.524653987241272,-0.8341443063592436,-1.0513406882840552,-1.2480666798375346,-0.6958333054397552,-0.6591876076879714
-0.3207579158809455,-1.4145225815893612,-0.8372728192342493,-1.2618195840825894,-1.7450628184932917,-0.9883302387405692,-0.8232008636360151
-0.4517722396090231,-1.037533916003471,-0.7863633824500671,-0.6796494029339476,-0.7685811281748576,-0.8775269198119513,-0.7804835847556564
-0.592892351393261,-0.3931463131996823,-0.4180520939834962,-0.8751677889820957,-0.755638520397364,-0.5707327840687354,-0.5025575851266563
-0.3748960661818041,-0.9673964898479568,-1.1117287214506515,-0.9311407306344022,-1.3546528615345417,-1.3225273458317228,-1.027997694482179
-0.6986422049809379,-0.4238314371427195,-0.3998498372561908,-0.6574665781316511,-0.7563998502666283,-0.5486912636366982,-0.5007996724155305
-0.6686857618144629,0.2643920570082655,-0.9484772314276312,-0.5555803479350566,-0.3553312751381774,-1.1226643700223076,-0.9193586889346002
-0.5813428793290778,-0.2572550500233728,-0.9760650267799532,-0.9739587412993,-1.405205164853693,-1.1730024369549323,-0.9374651898591966
0.4775993405557143,-1.0989041638895458,-1.0909667723710688,-1.2618195840825894,-1.7450628184932917,-1.214106893976839,-0.9668223321349988
-0.6488351067041482,-1.3049328532213698,0.0062880159718117,-0.2981564042991043,-0.0625238074191149,-0.0405448601629829,-0.2585593008223856
-0.6004716924353811,-0.1125966085776244,-0.714976406847666,-0.2029766095078552,-0.2752393728915696,-0.7440863636828631,-0.7143860668173238
-0.146793992914187,-0.3624611892566444,-0.1549726022216599,-0.1516465846746343,-0.1493154125152489,-0.2103241391665103,-0.3056713614805588
-0.3286981779250715,-1.740223254299031,-0.7647482025863918,-1.2618195840825894,-1.7450628184932917,-0.955267958092514,-0.7752098466222788
-0.5232345980061565,0.4090504984540139,0.1763653522675717,1.1702950096482676,1.8423235254802468,0.6385722558511259,0.0605018562469598
2.010430836074021,0.3652146071068173,1.9684344091230643,2.540213411101718,2.1255382368465785,2.139778512303368,1.6496549471047466
2.7820799383622576,0.378365374510976,2.3438559541237387,2.320964561311578,1.6291511620862331,1.7525626128216387,2.015300791018927
1.3004992251287637,-0.6912303743606186,1.7238415843498975,1.263669225676539,0.7338272358313775,1.4219398063410855,1.49495862852567
0.1848924079290727,-0.809587280998049,0.5779526413137479,0.105777358961318,0.4140686907403578,0.5790005790077833,0.4279056128722667
1.1579354293365027,1.4304267668436934,1.7352179948044637,2.658865729811676,2.289985488607675,2.303600623622561,1.6531707725269982
-0.0702787404889736,-1.8590185198499336,-1.3477892383828938,-1.2618195840825894,-1.7450628184932917,-1.4327349479919074,-1.0758129202248026
