compactness error,radius error,worst perimeter,mean concavity,worst concavity,mean perimeter,worst radius
1.3168615683959486,2.489733926737622,2.303600623622561,2.652873983743169,2.109526346572256,1.2699336881399386,1.8866896251792773
-0.6929262695890703,0.4992546006760577,1.5351259923434375,-0.0238458551987689,-0.1467489683154702,1.6859547105508974,1.8059274384794293
0.8149735042940166,1.2286759457296248,1.347475210286907,1.3634784515699183,0.8549739441841199,1.5665031298586418,1.5118702458799833
2.744280405496543,0.3263734407153162,-0.2499393042673333,1.915897180056998,1.9895882583898328,-0.5926871666544724,-0.2814644639166415
-0.0485198799348081,1.2705427819622883,1.3385394587604051,1.3710114342311062,0.6131787584083567,1.7765731510760563,1.2985752399803845
0.4455436486466036,-0.2550702935159039,-0.1150094562171616,0.8663015959315473,1.2632431963570847,-0.3871480674633158,-0.1654982471168596
-0.6515680104091783,0.1498830707345175,1.3683252971820767,0.300072399232291,0.509552250218744,1.1381250473760702,1.368983300180252
0.2689327040405786,0.6436230014783472,0.0994485804188725,0.0610257494506094,-0.0210538519002919,-0.0728668396419674,0.1637629755825202
0.5332902255552934,-0.3568500160815179,-0.0316091086364816,1.2190962838971595,1.280034528702624,-0.1840803802864812,-0.1613565965168675
2.6095866154647327,-0.388250143256016,-0.2862780271417725,1.738872087519093,3.9954328451526617,-0.3294817871291233,-0.2441896085167117
-0.9059213043655138,-0.0926558426133284,0.4926216475849359,-0.7006843473064609,-0.6058719698777824,0.4420106633418922,0.6048487644816906
0.8457127509817742,0.3631873829199002,0.8709017955401637,0.1348489795302465,0.5963874260628176,0.4790818435567298,0.8595602763812112
3.213193641333426,1.986249128939638,1.3236465395495696,1.4777286885979282,0.439988159072939,1.6653596104315431,0.9713848425810008
0.3231455572898966,-0.0067566441359663,0.1411487542092127,0.1328401841539298,-0.191845689472061,0.483200863580601,0.1182048189826062
1.8936416153371445,-0.6968375999709093,0.045834071259864,1.556825006540396,2.025089932491831,0.067179841169642,-0.2566145603166884
0.9457550265655668,-0.1269433378038722,0.5015573991114373,0.9428869196536196,2.0649093777683944,0.1961051679168009,0.2465959875823647
-0.7745249971602084,0.2437225312560057,0.4807073122162676,-0.1864327309693979,0.0921677033439146,0.11413666944177,0.5799988608817371
-0.0261640641618935,0.5920112981915289,0.8798375470666654,1.0470931798000458,0.9893046029484324,0.6644377446309193,0.9713848425810008
-0.3659724639101949,1.274151991982346,2.3691294681502386,0.7420073820219546,1.2713989863534896,1.5665031298586418,2.2884297333785217
-0.607974169651995,-0.4882252608116013,-0.2252170583773461,-0.2782095697248649,-0.1592225294864422,-0.1857279882960298,-0.2400479579167196
-0.3631779869385805,-0.7939253495104489,-0.3327439350795801,-0.5413617640223464,-0.3990987058512865,-0.2611060547328669,-0.3663683012164818
-0.6236232406930352,-0.4615171066631777,-1.254913492614529,-0.743747898186249,-0.8804342413449833,-1.3028062187698115,-1.2506107043148174
1.5538332155888428,0.1213703115760655,0.5313432375331087,1.492794653920303,1.7190079314502889,0.4337726232941504,0.3729163308821269
-0.7203121439108906,1.0341395256485395,2.404872474256244,0.262407485926354,0.2077880203517697,1.8630725715773448,2.671532413877801
-0.3721203132477464,1.4495595989571273,2.077228251617858,0.7997602490910583,0.9466066435554902,0.7426991250844662,2.110338757578857
0.699282157669184,2.312882635754818,1.34449662644474,1.6836302146703848,0.5426551625570922,0.9898403265167188,1.2385213062804976
0.2834639842929731,-0.5438070951204826,0.4509214737945962,0.6742105380712673,1.3515176292593474,0.2241145040791226,0.2797291923823024
0.0973518179834594,1.6159441808817658,0.9721736461738468,0.7558178502341314,0.3473959549961091,1.2411005479728423,1.0438637280808638
0.2845817750816187,0.1220921535800769,1.252160527337559,0.9981287925023276,1.7334005020321794,0.4296536032702797,0.8284978968812693
0.27116828561787,0.7042577298153084,0.8232444540654894,0.124930552359683,-0.1117270465662029,0.9486501262780102,0.774656439081371
0.4617516150819666,1.5358197184364952,1.5857619176602786,1.7966249545881967,1.6364905267807823,1.352314088617356,1.4248955832801466
0.484107430854881,0.2790927894525665,0.3615639585295818,0.4143226362603007,2.0313267130773163,-0.5782705965709241,0.114063168382614
0.2985541599396903,0.706423255827343,0.8589874601714949,1.919663671387592,1.3750254945431022,0.8580316857528507,0.9548182401810316
0.4304534729998863,0.5436478839227616,1.6125691722397832,0.9654858676371818,1.6163409279661356,1.4800037093573537,1.6319781132797568
0.1789505455545975,-0.2568748985259325,0.7577156095378117,0.585070243247216,1.22438325578598,0.6191285243683399,0.8160729450812929
-0.0272818549505394,0.2032993790313647,0.7815442802751492,0.5775372605860287,1.2891498234044882,0.7468181451083369,0.774656439081371
0.2499302606336012,-0.4301169794886799,0.266249275580233,0.5411278443902892,1.182165048745767,0.0684155471768033,-0.0785235845170233
-1.150158591684605,-0.7986173225365233,-0.6791532359236195,-0.7932144843280465,-1.0739663404361397,-0.3855004594537672,-0.6148673372160139
-0.8125298839741631,2.9192299191244326,-0.3491261462114993,-0.8138046369352923,-1.1907860383258189,0.1470888296327375,-0.2648978615166727
-0.1725946574744839,-0.6935893109528578,0.0011553136273568,0.2197205841796251,1.107323681719936,-0.1470092000716431,-0.1530732953168833
-0.8080587208195803,-0.6015544554413984,-0.1418167107966661,-0.7244132426892013,-0.3055469970689973,-0.2384514446015765,-0.0702402833170391
-0.4380699697778443,-0.6084119544795071,-0.5969443218798061,0.1958661390858649,0.6242130625211394,-0.826647504010338,-0.7101253010158348
4.198526221524634,2.078644905453103,2.0891425869865268,1.5304595672262402,2.1685358859580077,1.4964797894528374,1.6195531614797805
-0.2240130337521874,-0.1254996537958492,0.1739131764730512,0.1214151604511289,0.4519819678911812,-0.1914946163294491,0.2300293851823955
-0.6504502196205326,-0.7628861433379567,-0.0524591955316517,-0.0779577806482988,0.4826861184658814,-0.2697559967829954,-0.0081155243171559
0.8082667595621424,0.8074811363889456,1.290882117285731,1.3634784515699183,2.2179503782891654,1.3070048683547766,1.3565583483802757
-0.5040196263079424,-0.898231519090103,-1.4893280409930831,-0.9154999028613228,-0.9757610338323724,-1.6582776468298683,-1.512777187294324
-0.1183818042251662,-0.4261468484666167,-0.1328809592701647,0.4243666131418839,1.0958096252544236,-0.2466894846493184,-0.1240817411169377
-0.6264177176646495,-0.5109632839379619,-0.5177139916781601,-0.2872491489182899,0.1574140233151523,-0.5737396745446661,-0.5196093734161934
-0.6515680104091783,-0.6185177425356674,-0.2460671452725162,-0.5183861669057247,-0.2110357835812486,-0.2083825984273196,-0.231764656716735
-0.8785913195831258,0.0037100649221996,-0.723236276787693,-0.9068369728009572,-1.040863428097791,-0.7104911393371796,-0.6811337468158892
-0.7661415662453656,-0.7867069294703345,-0.333041793463797,-0.8817270305969991,-0.8020906821442252,-0.196025538355707,-0.331164271116548
-0.9556071049208164,-0.6419776076660394,-0.7026840482767397,-0.8672888138297231,-0.8643145622932656,-0.669712841100858,-0.6562838432159361
0.2309278172266239,1.546647348496667,0.8292016217498234,1.1098680353099413,-0.0474402313004248,1.1669581875431665,0.896835131781141
-0.8482991892108265,-0.3416913339972776,0.3109280332127402,-0.4553602119737897,-0.0047422719074824,0.2179359740433166,0.3791288067821154
-0.9364928824349744,-0.2897187097084533,-0.7580857077410487,-0.7337039213046659,-0.8704074171729327,-0.7673336156665974,-0.7101253010158348
-0.135148666054852,1.163349244366589,1.8717059665083249,0.546149832831081,0.5551287237280644,1.3811472287844524,2.044072347978981
0.1716849054284002,0.0629011092511382,0.2513563563693973,0.5084849195251437,0.4150410367309953,0.1475007316351242,0.331499824882205
-0.9437026330217394,-0.0042301971219261,-0.5069910898463584,-1.106184803958181,-1.2969792216025355,-0.3855004594537672,-0.4222805843163764
-0.8343268043527549,-0.8996752030981259,-1.4106934275598704,-0.8561148895489618,-0.7454799045221218,-1.5499474202020642,-1.4003313735045355
-0.8097354070025489,0.3992794831204725,-1.1140264768800228,-0.9787769572152972,-1.2018203424386018,-1.129395475764848,-1.0870155056151256
0.3432657914855196,-0.1695320160405475,-1.34635601656906,-0.7382237109013783,-0.8740055598184053,-1.5367665561256778,-1.3883205867645585
2.5196044569787515,1.077089124887221,0.35262820700308,1.5656134863117817,2.015015133084507,0.1833362058428011,0.2900833188822831
0.7769686174800619,0.0167032209944056,-1.2412120069405597,-0.3630811743742435,-0.6356166157470231,-1.3497630470419395,-1.296168860914732
0.0559935588035674,0.0733678183093042,0.1351915865248784,0.3013278963424889,0.6246928148738691,-0.3822052434346706,0.1699754514825087
-0.1329130844775606,-0.1713366210505761,0.2185919341055584,0.4758419946599982,0.1449404621441804,0.2237026020767358,0.2155336080824227
-0.4431000283267501,-0.613825769509593,-1.198320399613353,-0.842178871625765,-0.8542877381212153,-1.3122799648247148,-1.2133358489148878
-0.9088834499554248,-0.478119472755441,-0.871569752127617,-0.6492089657883466,-0.6130682551687276,-0.8307665240342093,-0.815737391315636
3.3858923181791907,-0.2806956846583102,-1.2438927323985105,2.8148331109587,4.700668803665304,-1.3666510291398104,-1.2340441019148487
-1.1103093500693852,-0.6076901124754956,-0.6431123714333968,-0.656239749605455,-0.8073679580242517,-0.4365763077497659,-0.5817341324160763
-0.5006662539420051,1.3845938185960969,1.7466054451373048,0.2410640350529894,-0.0167360807257246,1.3028858483309054,1.7790067095794804
3.8117706086532137,0.4368152673290676,-1.3314630973582242,-0.0343920309244314,-0.6178657786960245,-1.3666510291398104,-1.3535307217246235
1.7147950891538275,0.6696093136227592,1.3206679557074026,1.0094282664941086,1.8442232955127376,0.9156979660870432,1.4600996133800808
-0.2698424560866622,-0.4564642126350975,0.0905128288923712,-0.1369661448276004,0.0274011357254066,-0.0633930935870642,0.0622925358827115
-0.4073307230900867,-0.5582439352007116,-0.5227775842098443,-0.6915192184020161,-0.4888123958117383,-0.5263709442701513,-0.4471304879163298
-0.192714891670107,1.2351725237657276,0.6415508396932937,0.1116222829915852,0.051388753361891,0.4996769436760842,0.7249566318814642
0.1627425791192343,0.0177859840004229,-0.4736309508140862,-0.2514674812776496,-0.896170118514517,-0.1671923981886108,-0.453342963816318
1.8394287620878265,2.0768403004430747,1.2759891980748954,0.9993842896125256,0.5105117549242032,1.162839167519296,1.267512860480443
2.3960885748333984,1.900349930462276,1.8776631341926595,3.598263307722194,2.3791471688063406,2.1308088731289514,1.4704537398800617
-0.4956361953930993,-0.504105784899853,-0.4581423148348172,-0.6266100178047843,-0.475379329935307,-0.3616101433153162,-0.4202097590163803
-0.4704859026485705,-0.288996867704442,-0.6770682272341023,-0.5384741206688912,-0.4638652734697945,-0.7479742215544044,-0.6542130179159401
0.5740895893408622,-0.4301169794886799,-0.3157660071792275,0.3528032778606033,1.0248062770504296,-0.2256824825275773,-0.1530732953168833
1.7578300345166882,1.776193105772307,3.1107968448498573,3.077232006990062,1.8010455837670656,3.2758964397650563,2.843410913777477
1.9573556902899505,0.4108289551846557,1.013873819964187,1.3170250584925962,-0.1390729306717952,1.5294319496438036,0.8409228486812457
-0.4112429908503468,-0.6426994496700509,-0.58026425236367,-0.5937159935175992,-0.2182320688721938,-0.6186369928048587,-0.5382468011161583
-0.5023429401249736,1.0630132058089976,1.3385394587604051,0.5612157981534559,0.2087475250572289,1.1999103477341335,1.3793374266802323
0.2432235159017267,0.0549608472070123,0.0339197358911956,0.3967456767175299,0.3008599767813291,0.0939534713248029,-0.012257174917148
-0.394476129020661,0.5209098607964011,1.3593895456555758,0.7281969138097777,1.4551441374489604,1.2369815279489715,1.7168819505795971
-0.0306352273164764,-0.3875283012520044,-0.4706523669719192,-0.3596913321767092,-0.1381134259663358,-0.502068726129313,-0.5051135963162207
1.0418850343890995,0.3837598800342262,0.0637055743128671,0.1363555760624839,-0.0565555260022887,0.1565625756876401,0.014663553982801
-0.4078896184844096,-0.119363996761752,-0.1299023754279973,-0.7254176403773597,-0.8649862155870872,0.1071343354011895,-0.0329654279171093
-0.0580211016382968,-0.3330292299491402,0.0071124813116911,0.2937949136813015,0.0595445433582959,0.3390351627451203,0.0333009816827659
-0.8438280260562435,0.001905459912171,-0.0822450339533232,-0.7054552363252129,-0.6581649763253185,-0.2977653329453177,0.0188052045827931
-0.5906484124279863,-0.3976340893081647,-0.2880651774470729,-0.6159382923681022,-0.6432926533906981,-0.2211515605013194,-0.2421187832167156
0.6523349445460634,0.2585202923382403,0.4836858960584346,1.0194722433756922,1.190320838742172,0.3431541827689909,0.4060495356820646
0.5221123176688358,1.2719864659703115,1.454704228604924,0.7244304224791837,0.6601944889758661,1.6653596104315431,1.6464738903797296
-0.7650237754567197,-0.1410192568820954,-0.7482563810618971,-0.8022540635214714,-1.066913980851013,-0.5840372246043433,-0.7121961263158308
-0.6062974834690263,-0.2532656885058753,-1.1453016072227775,-1.0291349463053354,-1.2075293954360848,-1.2298995643472972,-1.1077237586150863
-0.6806305709139673,-0.626818925581799,-0.7238319935561267,-0.5880662565217086,-0.3837466305639365,-0.7261434154278886,-0.6645671444159205
0.1940407212013148,-0.4174847444184795,0.0666841581550341,0.063787843093045,0.2264983621082276,0.1034272173797061,0.0125927286828046
-0.5923250986109547,0.1852533289310785,0.0398769035755296,-0.0320065864150554,0.2145045532899853,-0.1614257701551915,0.1492671984825474
-0.8181188379173918,-0.6535270797302226,-1.6933610341815326,-1.1148728439607505,-1.3058306525103982,-1.984504032720442,-1.7269005233139212
-1.083147033905294,-0.7679390373660369,-0.6755789353130188,-0.8156878826005891,-0.7565142086349047,-0.6075156387404076,-0.6065840360160297
-0.196627159430367,-0.8116104786087294,-1.043731898204878,-0.3422399223449583,-0.0373654318931011,-1.154109595908073,-1.140856963415024
-0.1837725653609411,-0.1810814881047307,-0.9841602213615352,-0.7388514594564771,-0.922652448385196,-1.0115915030821407,-0.9793325900153282
0.2035419429048034,-0.0518717693866818,-0.0256519409521472,1.4852616712591158,1.7530703484940968,-0.196025538355707,0.0084510780828125
-0.1329130844775606,-0.3579327790875352,-0.6478781055808641,-0.22723638705083,0.0724978568819974,-0.6919555492297604,-0.6480005420159516
-0.8387979675073378,-1.0296067638201862,-0.6463888136597806,-0.7830449577354436,-0.3765503452729911,-0.5337851803131186,-0.6169381625160103
3.420543832627208,2.9228391291444904,2.964846236583668,4.238566833923126,3.303629952516451,2.5056396953012023,2.5120788657781006
-0.5537613164026771,-0.616352216523633,-0.693152579981805,-0.4704261772961646,0.1909966880062305,-0.802757187871887,-0.674921270915901
0.2147198507912607,-0.0078394071419834,-1.0598162509525804,-0.5707403964009775,-0.6821525939618028,-1.2138353862542008,-1.080803029715137
0.8350937384896396,-0.2265575343574519,-0.5439255294892309,0.2222315784000208,-0.242699438861408,-0.404447951563573,-0.6086548613160258
2.737573660764669,-0.1529296499482842,-0.0077804378991445,2.655384977963565,1.9483295560550804,0.2414143881793803,-0.2007022772167934
0.670219597164395,-0.2583185825339554,-1.0318175628362092,-0.3018129153965857,-0.6845513557254513,-0.9609275567885288,-1.05802395141518
-0.1871259377268783,-0.8614175768855191,-1.274274287588615,-0.5961014380269751,-0.1275588742062826,-1.4881621198440012,-1.375274387374583
-0.0228106917959564,-0.3369993609712031,-0.587412853584871,-0.6970434056868869,-0.5847628663576762,-0.6359368769051166,-0.5382468011161583
2.3541714202591835,-0.3319464669431231,-1.3082301433893204,0.0480941292155711,-0.5650930198957588,-1.3687105391517456,-1.4195900487944997
0.0084874502861239,0.0773379493313671,0.5909149143764517,1.0069172722737132,0.9509244147300574,0.2747784503727345,0.5261574030818381
0.7982066424643306,0.5299328858465444,0.6862295973258009,1.563102492091386,2.223227654169192,0.5655812640580186,0.8119312944813009
-0.9532597442646604,0.5248799918184641,0.6534651750619616,-0.1992388014934167,-0.2268676112213283,0.9156979660870432,0.8926934811811482
-0.5694103874437174,-0.95417427440099,-0.7005990395872229,-0.6739422588592454,-0.2973912070725925,-0.7673336156665974,-0.7142669516158269
-0.2497222218910391,1.110293857071747,1.1359957574930395,0.7143864455976005,0.2639190456211432,1.2122674078057465,1.2385213062804976
4.056566791366628,3.983946875041316,2.1933930214623767,4.243588822363918,1.4781722503799857,3.057588378499899,2.0192224443790283
-0.7108109222074019,-0.4052134303502849,-0.1328809592701647,-0.0047622991237608,-0.077664629522395,0.0951891773319642,-0.1178692652169496
0.4036264940723887,-0.870801522937668,-0.4548658726084333,-0.0989245823886037,0.281190130319412,-0.2417466606206738,-0.4160681084163882
-0.9115102583087424,-0.6737386558425431,-0.2073455553243434,-0.9365922543126476,-0.9165116182702558,-0.1453615920620951,-0.1613565965168675
-0.767818252428334,-0.6286235305918276,0.1768917603152186,-0.4513426212211564,0.5153092784515001,-0.1733709282244168,0.1285589454825868
0.1023818765323651,1.0265601846064196,1.2193961050737194,0.0490985269037294,0.2327351426937134,1.294647808283164,1.2530170833804706
0.9150157798778092,0.0928575524176133,-0.0405448601629829,0.3138828674444681,-0.3655160411602083,0.3134972385971207,-0.0329654279171093
0.3527670131890081,0.3252906777092992,1.2342890242845552,2.080367301492924,1.415804444525126,1.5829792099541256,1.3172126676803495
-0.0513143569064225,-0.7387044362035732,-0.4730352340456529,-0.756428418999248,-0.8301561947789118,-0.5309018662964092,-0.6065840360160297
-0.5945606801882461,0.2494972672880972,0.5253860698487748,0.7256859195893818,0.5129105166878516,0.4008204631031835,0.6193445415816634
-0.3329976356451459,0.1011587354637448,0.6683580942727974,0.1946106419756669,0.1295883868568305,0.586176364177373,0.662831872881581
-0.5772349229642374,-0.337360281973209,0.209656182579057,-0.2190756558345436,-0.4859338816953602,0.413177523174796,0.254879288782349
-0.6292121946362638,0.6883772057270567,1.1419529251773737,0.3327153240974367,0.5963874260628176,1.162839167519296,1.2944335893803924
-0.7521691813872939,-0.6080510334775014,-0.4533765806873494,-0.5234081553465163,-0.2614097806178658,-0.422159737666218,-0.3684391265164778
-0.6526858011978242,0.1578233327786436,-0.628517310606778,-0.6638982819776621,-0.8040096915551438,-0.7104911393371796,-0.6086548613160258
-0.5738815505983003,-0.8274910026969812,-0.8140830839737908,-0.6750722062584236,-0.6346571110415637,-0.7788668717334359,-0.8178082166156321
0.5209945268801901,3.215185140769126,0.4211356353729247,0.8173372086338291,0.3037384908977075,0.2010479919454455,0.4723159452819399
0.5310546439780016,-0.2409943744376808,-0.915354934607474,-0.5329499333840204,-0.8899333379290311,-0.7813382837477586,-0.9006412286154762
-1.1078502103343644,-0.7448400932376705,-1.2132133188241887,-1.1148728439607505,-1.3058306525103982,-1.2657350385549735,-1.1698485176149698
-0.3408221711656659,1.0817810979132951,0.6475080073776276,0.0711952760432125,0.0384354398381895,0.540867143914793,0.7560190113814061
-0.4542779362132073,-0.4362526365227771,-0.732767745082628,-0.8598813808795556,-0.9360375390263542,-0.7541527515902109,-0.7225502528158115
-0.5504079440367399,-0.6888973379267834,-0.300575229584175,-0.5004325582298946,-0.3031482353053488,-0.3389555331840265,-0.3705099518164739
-0.4285687480743557,-0.5510255151605971,-0.8778247781961678,-0.8322604444552015,-0.8378322324225869,-0.976579832879238,-0.894428752715488
1.2257616191213216,-0.0323820352783726,-0.6255387267646105,-0.6490834160773269,-0.8539039362390314,-0.5708563605279567,-0.6459297167159556
0.6065055222115885,-0.3084866018127511,-0.4566530229137333,0.9679968618575776,0.8549739441841199,-0.5346089843178932,-0.5237510240161856
1.3017713927492311,0.0607355832391039,-0.0048018540569775,0.0213520407683556,-0.1064497706861764,0.2418262901817676,-0.0039738737171638
-0.1401787246037578,-0.5939751143992782,0.0398769035755296,-0.0493324465357864,0.1828408980098259,0.0824202152579644,-0.086806885717008
-0.5341999776013769,-0.5600485402107402,-0.2999795128157416,-0.7531641265127333,-0.555497972841165,-0.1585424561384816,-0.1924189760168091
-0.7857029050466657,0.0542390052030009,-0.489715303561789,-0.7211489502026868,-0.9166555439760748,-0.3484292792389291,-0.4367763614163492
1.6030160102892548,-0.7639689063439739,-1.4649036534873126,0.5436388386106851,1.2757167575280568,-1.5940209344574827,-1.486270623454374
3.933609804615597,1.5134426163121404,-1.0788791875424502,4.042709284732253,2.6358146775167244,-1.1611119299486534,-1.0870155056151256
-0.9217939335642832,-0.6499178697101653,-0.923694969365542,-0.8660333167195252,-0.9644388783079516,-0.8690734102562081,-0.8861454515155035
-0.2966694350141597,-0.4842551297895382,-0.2856823103733392,0.0518606205461648,0.1377441768532351,-0.2742869188092534,-0.3104560181165871
-0.5509668394310628,-0.6683248408124572,-0.6154115417012426,-0.6271122166488634,-0.373671831156613,-0.5642659284897634,-0.5548134035161271
1.3448063381120918,1.465801044047385,0.7636727772221465,1.2140742954563677,0.4131220273200764,1.0475066068509111,0.8699144028811913
0.0632591989297647,0.2660996333803605,0.3883712131090858,-0.4682918322088282,-0.402936724673124,0.6767948047025324,0.4039787103820682
-0.8768587438607249,-0.8047529795706206,-0.6904718545238545,-0.8672888138297231,-0.8915165206930391,-0.6231679148311167,-0.6480005420159516
-1.0811350104857316,-0.4452756615729202,-0.8694847434381001,-1.0760779832556353,-1.216884566314314,-0.9588680467765937,-0.8095249154156479
-0.0798180220168886,0.3487505428396713,-0.5466062549471814,-0.2557361714523224,-0.3674350505711271,-0.6536486630077616,-0.6107256866160218
0.2834639842929731,2.1468589748321847,1.1717387635990453,0.382935208505353,-0.219671325930383,1.4140993889754192,1.1929631496805837
-0.1513566324902152,1.1954712135450982,2.014677990932348,2.033913908415601,1.961282869578782,1.5953362700257374,2.166251040678752
0.3505314316117167,-0.3979950103101704,-0.5927743045007721,-0.4406708957844742,-0.4960086811026836,-0.4991854121126036,-0.5568842288161232
-0.0021315622060103,0.934886250096966,2.291686288253892,0.5474053299412788,0.5882316360664127,2.4768065551341056,2.431316679078253
-0.977795252075434,-0.7982564015345176,-0.1477738784810005,-0.8704275566052179,-0.9340225791448894,0.1454412216231889,-0.0598861568170585
-0.8753497262960532,-0.8386795537591586,-1.0008402908776712,-0.7971065253696601,-0.803529939202414,-0.9555728307574968,-0.9669076382153516
-0.0434898213859023,0.6995657567892342,0.6981439326944688,-0.0574931777520728,-0.1937646988829797,0.71386598491737,0.7829397402813553
0.6070644176059111,2.4644694565972216,1.4308755578675874,1.5957454169565315,1.0401583523377795,0.9939593465405896,1.422824757980151
-0.6582747551410527,-0.4831723667835211,-0.0792664501111562,-0.7881924958872549,-0.9868912884157012,0.1750981657950592,-0.0329654279171093
-0.7644648800623969,-0.6105774804915415,-0.604390781485224,-0.6143061461248448,-0.7099782304201248,-0.5403756123513125,-0.573450831216092
-0.8298556411981719,0.232894901195834,0.2781636109489013,-0.3794026368068163,-0.0373654318931011,-0.2524561126827377,0.354278903182162
-0.126765235140009,0.0567654522170409,0.5283646536909418,1.4362972839613972,1.491125563903687,0.4337726232941504,0.5220157524818461
-0.2385443140045819,-0.714161808067184,-1.0499869242734288,-0.818198876820985,-1.1169041760054468,-0.8962589424137564,-1.0186782707152542
-0.8555648293370237,-0.2680634495881099,-1.0145417765516398,-1.1148728439607505,-1.3058306525103982,-1.008296287063044,-0.9793325900153282
-0.9764539031290592,-0.6668811568044343,-1.4565636187292446,-1.1148728439607505,-1.3058306525103982,-1.5466522041829676,-1.4510665933544402
3.49878918783241,0.0935793944216247,-1.0184139355464574,0.5260618790679146,0.3665860491052967,-1.1273359657529125,-1.037315698415219
0.8641562989944286,-0.3662339621336666,0.4836858960584346,1.1362334746240972,1.5064776391910373,0.71386598491737,0.3149332224822358
-1.2980982025618677,-0.8375967907531414,-0.5683499169950013,-1.0948476650530938,-1.2675608073331508,-0.4102145795969922,-0.4699095662162869
-1.0682804164163056,-0.4196502704305138,-0.6124329578590751,-0.9994549946202568,-1.17351495362755,-0.4398715237688625,-0.5465301023161425
-0.0060438299662704,1.555309452544804,3.3818479744870684,2.4896593594174417,1.2560469110661396,3.7125125622953687,3.489508407376261
1.2358217362191333,0.8107294254069971,2.062335332407022,2.007548469101445,1.9468902989968917,2.089618672890243,2.155896914178771
-0.1591811680107351,-0.1273042588058779,0.6564437589041294,-0.2871235992072701,0.0864106751111584,0.3802253629838291,0.7953646920813316
0.6596005846722606,-0.2554312145179098,-0.8382096130953448,-0.3388500801474239,-0.5151987752118712,-0.7595074776212428,-0.8074540901156517
-0.6443023702829811,-0.7210193071052928,0.1947632633682213,-0.4400431472293752,0.4356703878983717,0.286311706439573,0.3170040477822322
-0.7532869721759395,0.0697586082892469,-0.9493107904081796,-1.09482255511089,-1.2726317897015038,-1.1619357339534278,-0.9109953551154568
-0.9108395838355547,-0.5322576230562995,0.9513235592786762,-0.0892572546400799,0.3915331714472405,1.0969348471373614,1.0438637280808638
-0.9374988941447556,-0.5777336693090206,-0.6803446694604861,-0.6366539946863676,-0.5761273240085416,-0.7121387473467276,-0.674921270915901
-0.933474847305631,-0.7913989024964089,-0.824805985805593,-0.8194543739311829,-0.8835046564024532,-0.6878365292058898,-0.7660375841157295
-0.1876848331212012,-0.6026372184474156,-0.6139222497801586,-0.6322597548006749,-0.6231430545760511,-0.5411994163560865,-0.6045132107160336
6.143482193768201,-0.4301169794886799,-0.0256519409521472,1.372266931341304,2.766307317459199,0.0988962953534482,-0.109585964016965
-0.4235386895254499,1.1763424004387948,-0.5427340959523638,-0.7241621432671618,-1.0570310823847815,-0.4098026775946055,-0.5216801987161894
-1.0474895077474953,-0.1850516191267937,-1.3406967072689424,-1.1148728439607505,-1.3058306525103982,-1.2867420406767154,-1.3048663271747154
0.7249913458080355,0.0004617759041481,-0.1656453815340032,0.247341520603979,0.8170735083184744,-0.4456381518022818,-0.1282233917169299
1.438700764358333,-0.453215923617046,0.3377352877922442,1.0157057520450985,0.8957528941661431,0.3472732027928622,-0.0391779038170979
-0.5369944545729913,-0.7614424593299338,-0.4900131619460054,-0.6286188131811009,-0.4595475022952273,-0.3887956754728638,-0.4947594698162399
0.4472203348295723,0.7721108781923846,0.129234418840544,0.6239906536633514,0.5215460590369861,-0.0551550535393229,0.0250176804827817
1.5359485629705112,0.8338283695353633,0.6504865912197946,0.2699404685875413,-0.0896584383406373,1.0475066068509111,0.7228858065814685
0.6428337228425746,0.1101817605138879,1.7614983643481406,0.2837509367997183,0.5484121907898487,1.46352762926187,1.4683829145800649
-0.5314055006297626,-0.7073043090290754,0.3168852008970745,0.3666137460727801,1.0770992834979656,0.1038391193820928,0.4267577886820251
-0.4296865388630013,-0.1868562241368223,-0.4501001384609656,-0.5891962039208867,-0.6452116628016169,-0.5531445744253117,-0.3787932530164585
0.0118408226520612,-0.0291337462603211,0.960259310805178,0.1858221622042815,0.3771406008653498,0.9527691463018808,0.8595602763812112
1.43814186896401,0.5367903848846528,2.077228251617858,3.3082434752664773,2.4803749152323054,2.756899916757326,1.8328481673793795
0.3130854401920848,0.5761307741032767,0.6326150881667919,0.8411916537275891,0.9230987782717356,-0.0168481673173235,0.6069195897816863
-0.3559123468123834,-0.0327429562803783,-0.3339353686164471,-0.1098474072473257,-0.0244121183693996,-0.4481095638166044,-0.2690395121166648
-0.3514411836578004,-0.4838942087875325,0.3109280332127402,-0.1669725257613304,0.2903054250212761,0.2805450784061538,0.3107915718822436
-0.7259010978541193,-0.6910628639388178,-1.1968311076922693,-0.8944075514099981,-1.0077605157594427,-1.196535502153943,-1.2112650236148916
-0.5839416676961118,0.6519241845244788,0.6772938457992991,-0.2423023523732048,-0.3789491070366396,0.7303420650128537,0.7311691077814527
0.2756394487724529,-0.7654125903519968,-0.2317699428301138,-0.021962609533472,0.2111462868208773,-0.2038516764010616,-0.3560141747165011
-0.7331667379803165,-0.692145626944835,0.1917846795260543,-0.3751339466321434,0.1151958162749398,0.2554190562605414,0.2300293851823955
0.5942098235364855,1.6419304930261778,1.520233073132602,0.9441424167638176,0.5464931813789299,1.7600970709805726,1.4435330109801114
-0.4587490993677903,-0.6603845787683312,-0.656515998723149,-0.779780665248929,-0.6001149416450261,-0.6779508811485994,-0.6148673372160139
0.1252965876996026,8.906909342399384,2.41976539346708,2.903973405782751,0.2298566285773353,3.9761298438231054,2.452024932078213
3.3573886530687247,0.4490865813972621,0.3913497969512532,0.9968732953921297,0.0389151921909192,0.9280550261586558,0.3729163308821269
0.6495404675744489,0.0560436102130296,0.2305062694742271,0.2850064339099162,0.4903621561095563,0.037110994995385,0.1223464695825983
0.49752092031863,-0.5373105170843797,-0.0852236177954901,0.1281948448461976,0.9183012547444388,-0.0415622874605491,-0.1075151387169689
0.9189280476380692,-0.3929421162820902,-0.6273258770699108,-0.2817249616334191,0.0403544492491083,-0.6033966187165369,-0.6252214637159946
0.3197921849239591,-0.1749458310706333,-0.9490129320239626,-0.3899488125324787,-0.3823073735057474,-1.1088003756454934,-0.9917575418153046
0.3471780592457797,1.9855272869356264,1.8776631341926595,0.4821194802109877,0.4294336073128859,1.5541460697870286,1.9591685106791412
0.053757977226276,1.2055770016012584,2.1725429345672063,0.3226713472158535,0.6107799966447083,1.4841227293812242,2.4085376007782955
-0.4766337519861219,-0.703695099009018,-0.2249191999931296,-0.6267355675158042,-0.4619462640588758,-0.1684281041957721,-0.1924189760168091
-0.1306775029002691,-0.5351449910723453,-0.1835168845870063,-0.1280521153451952,-0.0695088395259904,-0.1391830620262885,-0.2669686868166687
-0.6415078933113668,-0.571958933276929,-1.052071932962946,-0.8929009548777604,-0.9905374062964468,-1.1059170616287834,-1.055953126115184
-0.0971437792408972,-0.2088724052591714,0.5551719082704463,0.3251823414362492,0.6016647019428442,0.437891643318021,0.6814693005815459
-0.8069409300309346,-0.4059352723542963,-0.2508328794199835,-0.6686691709964142,-0.4489929505351741,-0.3055914709906723,-0.233835482016731
-0.6258588222703266,0.4216565852448273,0.0934914127345386,-0.3962262980834683,-0.5228748128555462,0.0222825229094499,0.1037090418826334
-0.9734358679997158,-0.7719091683880999,-1.0064996001777886,-1.0314701709303036,-1.1792240066250337,-1.0441317612707204,-0.9834742406153204
0.3684160842300484,-0.6257361625757818,0.2066775987368901,-0.2981719737770117,0.3262868514760028,0.2257621120886712,0.0291593310827738
-0.1418554107867265,-0.5784555113130321,-0.4941831793250394,-0.4321335154351285,0.5704807990154144,-0.4374001117545405,-0.4284930602163649
0.7322569859342329,-0.3575718580855295,-0.0584163632159861,1.0131947578247027,1.707973627337506,-0.2763464288211887,-0.2214105302167547
-0.3016994935630654,-0.3943858002901132,0.7815442802751492,1.283126636517253,1.1015666534871795,0.8827458058960763,0.6876817764815344
-0.5034607309136195,-1.0256366327981232,-0.817359526200175,-0.9098501658654322,-0.7833803403877672,-0.8324141320437572,-0.8675080238155386
-1.0431860132112092,-0.654248921734234,-0.8584639832220816,-1.0525123024972205,-1.1946240571476563,-0.8723686262753048,-0.8095249154156479
-0.2715191422696309,0.4288750052849418,1.6512907621879556,0.8361696652867977,0.6832226019068913,1.7477400109089607,1.698244522879632
-0.8427102352675979,-0.6856490489087319,-1.2367441311773093,-0.907464721356056,-0.962279992720668,-1.3081609448008438,-1.1926275959149266
-0.6510091150148555,-0.5279265710322307,-0.2678108073203365,-0.9313191664498164,-1.0068969615245291,-0.0897548217398379,-0.1944898013168052
0.1761560685829831,2.3561931559955047,2.9410175658463302,1.333346520925169,1.48632804037639,2.534472835468298,3.052564269077084
0.3270578250501562,1.0186199225622938,1.6215049237662842,0.0203476430801973,0.2092272774099588,1.6694786304554137,1.6464738903797296
0.1660959514851716,-0.2518220044978526,-0.1418167107966661,0.2699404685875413,0.164130556253368,0.0239301309189979,-0.1075151387169689
0.1325622278257997,0.4743510515376627,1.0108952361220191,0.6641665611896842,0.2490467226865229,0.8827458058960763,1.2923627640803967
-0.7264599932484421,-0.2922451567224935,-0.3917198951544897,-0.524161453612635,-0.5703702957757855,-0.1890232043151265,-0.2938894157166182
-1.1484260159622044,-1.0462091299124494,-0.697322597360839,-0.9826689982569108,-1.0063212587012536,-0.5502612604086023,-0.6355755902159752
1.881345916662041,-0.5860348523551523,-0.5987314721851065,0.82863668262561,2.2616078423875674,-0.7430313975257591,-0.7639667588157334
0.0666125712957017,0.1065725504938307,-0.2758529836941877,-0.5251658513007934,-0.6538472051507512,-0.1412425720382238,-0.2607562109166805
0.3935663769745772,0.4299577682909589,1.121102838282204,1.4576407348347618,0.3531529832288653,1.5294319496438036,1.1142717882807311
-0.6493324288318869,-0.1200858387657634,-1.0002445741092374,-0.5083421900241415,-0.7392431239366359,-1.0400127412468498,-0.9917575418153046
-0.5470545716708028,-0.8740498119557195,-0.5653713331528343,-0.5704892969789378,-0.2033597459375735,-0.32289135509093,-0.4823345180162636
1.7013815996900787,-0.7314860161634588,-0.0673521147424874,0.6101801854511741,2.401215777031907,-0.2891153908951885,-0.3891473795164388
-0.8455047122392122,-0.5611313032167573,-0.8721654688960503,-0.8161900814446682,-0.7661092556894985,-0.9868773829389152,-0.8323039937156048
-0.7376379011348995,-0.5376714380863854,-0.7857865374732033,-0.5714936946670962,-0.4403574081860397,-0.7455028095400817,-0.7494709817157607
0.7602017556503758,2.161295814912414,1.728733942084302,2.290035318895974,2.048118045422856,1.93309591198315,1.9281061311792
-0.8287378504095263,-0.045014270348573,-0.719066259408659,-0.7836727062905425,-0.9169913706229854,-0.7698050276809201,-0.6832045721158854
1.4023725637273463,1.302664751140798,1.564911830765109,1.919663671387592,2.766787069811929,1.5953362700257374,1.865981372179317
-0.5839416676961118,-0.3460223860213462,0.7041011003788036,0.4745864975498001,0.3147727950104902,0.8662697258005926,0.7415232342814334
-0.4179497355822213,0.6883772057270567,1.6632050975566244,0.6164576710021636,0.7652602542236678,1.4223374290231612,1.952956034779153
0.0733193160275762,0.0715632132992756,0.0249839843646939,0.114133277211981,0.2336946473991729,-0.0222028933483555,0.0250176804827817
1.2391751085850704,1.5787693176751765,2.124885593092532,1.1249340006323163,0.7335965989435084,1.7147878507179932,1.8183523902794063
1.1402506237899233,0.9168401999966798,0.3734782938982501,1.9585840818037263,0.8189925177293932,0.4626057634612466,0.3025082706822594
1.9266164436021933,3.2007483006888973,1.085359832176198,2.872585978027803,1.6595186397118076,0.7509371651322081,0.7415232342814334
0.0045751825258638,-0.5892831413732038,0.5670862436391146,1.0835025959957854,1.4301970151070167,0.483200863580601,0.4598909934819628
-0.5420245131218971,-0.0269682202482868,1.6393764268192876,0.7922272664298708,0.5114712596296628,1.6859547105508974,1.6692529686796866
-0.8058231392422888,-0.0161405901881151,0.6236793366402902,-0.7519086294025354,-0.7248505533547452,0.783889325323175,0.7415232342814334
1.918791908081673,1.5506174795187295,0.912601969330504,0.1025827037981602,-0.2033597459375735,0.9239360061347852,0.8533478004812227
-0.9150871888324086,-0.6329545826158963,0.2573135240537316,-0.5864341102784513,-0.2215903353413016,0.3307971226973784,0.3397831260821892
-0.7499335998100024,0.0545999262050066,0.9900451492268496,0.0227330875895733,0.5599262472553613,0.8086034454664001,1.0997760111807584
-0.5979140525541834,2.767643098282029,3.179304273219702,0.6013917056797887,0.3454769455851904,1.8012872712192811,3.359046413476507
0.5774429617067995,0.1635980688107351,-0.8632297173695489,-0.3129868396773471,-0.3866251446803146,-0.9345658286357552,-0.9089245298154603
-0.0792591266225655,-0.2424380584457035,-0.2859801687575561,-0.6036344206881626,-0.6087504839941604,-0.1980850483676424,-0.3042435422165985
-0.2066872765281786,-0.6159912955216273,-0.5358833531153797,-0.6252289709835667,-0.3501639658728583,-0.3949742055086704,-0.4906178192162478
1.2503530164715275,-0.3081256808107454,-0.9159506513759073,-0.0542288852655583,-0.0901381906933669,-0.9255039845832392,-0.9482702105153866
-1.2166112540695937,-0.9924319006135968,-0.3818905684753382,-1.023849303471402,-1.1203583929451006,-0.0687478196180968,-0.2814644639166415
-0.796880812933123,-0.7751574574061513,-0.8635275757537658,-0.7049530374811337,-0.6941464027800451,-0.8130547379315641,-0.8178082166156321
1.3481597104780287,2.749597048181743,2.640180597787449,1.640943312923656,1.4800912597909042,2.2790935939883044,2.468591534478183
-0.8276200596208805,-0.493639075841687,-1.1667474108863811,-0.9763915127059212,-1.111866776301785,-1.2550255864929096,-1.1429277887150202
-0.7706127293999484,0.0578482152230582,0.8292016217498234,-0.399365040858963,-0.3079457588326457,0.956888166325752,0.9631015413810164
-0.5917662032166319,0.8518744196356495,-0.8280824280319768,-0.3704886073244112,-0.962663794602852,-0.6495296429838904,-0.8012416142156632
-0.9210673695516636,-0.6051636654614556,-0.8903348303332699,-1.0962036019321075,-1.2820589234326425,-0.831178426036596,-0.8426581202155855
-0.8013519760877059,-0.2774473956402589,0.6475080073776276,-0.1079641615820288,-0.2455779529777861,1.1916723076863922,0.7643023125813904
-1.1292000143974978,-0.5311748600502824,-0.2487478707304667,-0.8641500710542284,-0.7972931586169283,-0.2359800325872545,-0.1592857712168715
-0.562703642711843,-0.5676278812528603,-0.2648322234781691,-0.5525356883031077,-0.6073112269359714,-0.1227069819308054,-0.2669686868166687
-0.0552266246666824,0.8334674485333576,1.564911830765109,1.2969371047294294,1.4546643850962306,1.4099803689515489,1.5429326253799245
-0.6180342867498065,0.5656640650451107,-0.6720046347024181,-0.8330137427213203,-0.9827174429469528,-0.73026243545176,-0.6127965119160178
-0.1949504732473985,0.2372259532199026,1.34449662644474,0.9265654572210468,0.7647805018709382,1.4511705691902574,1.5574284024798972
0.5215534222745132,-0.4254250064626054,0.5849577466921178,1.3308355267047731,1.1054046723090174,0.6932708847980156,0.4723159452819399
0.7898232115494878,-0.4109881663823764,-0.4509937136136158,0.2850064339099162,0.2984612150176807,-0.3249508651028653,-0.4906178192162478
-0.9763980135896267,-0.4810068407714868,-0.6463888136597806,-1.0915205977110694,-1.2790652687516089,-0.5000092161173777,-0.573450831216092
1.4577032077653105,-0.4727056577253551,-0.4486108465398821,-0.2895090437166461,-0.1712163383046844,-0.5807420085852466,-0.6272922890159907
-0.6722471399991243,-0.9094200701522804,-0.591582870963905,-0.8311304970560235,-0.7368443621729874,-0.4151574036256375,-0.548600927616139
3.1936323025321256,0.2938905505348011,-0.8635275757537658,0.0494751760367888,-0.5641335151902995,-0.7516813395758883,-0.913066180415453
-0.6443023702829811,-0.5037448638978473,-0.8331460205636606,-0.8136790872242725,-0.9446251061402156,-0.8155261499458868,-0.8095249154156479
4.522685550231896,1.7177239034473797,-0.1656453815340032,0.5951142201287992,-0.2407804294504892,0.1672720277497046,-0.1033734881169768
-0.2418976863705191,-0.4239813224545825,0.0547698227863653,-0.3691075605031935,-0.4403574081860397,0.2084622279884134,-0.0039738737171638
-0.3044939705346799,-0.7065824670250639,-0.5495848387893484,-0.3421143726339385,-0.2307056300431658,-0.3636696533272515,-0.5237510240161856
-0.5856183538790805,-0.7152445710732013,-0.6824296781500033,-0.7773952207395529,-0.6744765563181279,-0.676715175141438,-0.6645671444159205
-0.7644648800623969,-0.8101667946007065,-0.5576270151631996,-0.95316481616726,-1.054776246326952,-0.4196883256518954,-0.573450831216092
-0.9682940303719454,-0.6715731298305088,-0.3899327448491893,-0.9814135011467128,-1.1267870744716784,-0.1610138681528042,-0.331164271116548
-0.7415501688951595,-0.8296565287090155,-1.0377747305205436,-0.9596934011402892,-1.167470073983156,-0.9403324566691744,-1.014536620115262
-0.8622715740688981,0.865589417711867,-0.6600902993337497,-0.7777718698726124,-1.0122222126398286,-0.698957883270341,-0.6024423854160376
-0.6543624873807927,-0.6322327406118848,-0.0435234440051503,-0.8041373091867685,-0.5550182204884354,-0.0308528353984846,-0.0101863496171523
-0.6174753913554837,-0.427229611472634,-1.1068778756588218,-0.8016263149663726,-1.1063496242453936,-1.0346580152158178,-1.1056529333150904
0.3661805026527571,2.5474812870585377,1.901491804929996,1.6434543071440522,1.6307334985480262,1.545908029739287,2.0005850166790635
0.4589571381103522,-0.147876755920204,-0.5698392089160852,-0.2573683176955798,-0.3923821729130708,-0.475295095974152,-0.5817341324160763
1.220731560572416,2.406722096276306,1.5351259923434375,1.751427058621072,1.0603079511524267,1.7600970709805726,1.5346493241799404
-0.900723577198311,-0.9263833572465496,-1.0872192223005182,-0.8264851577482911,-0.9017352458061814,-1.0342461132134304,-1.0787322044151408
0.0582291403808587,-0.2792520006502875,-0.7318741699299779,-0.6950346103105703,-0.7176542680638,-0.7570360656069203,-0.7432585058157725
-0.1178229088308433,-0.5557174881866715,-0.7705957598781507,-0.8670377144076835,-0.9585379243693763,-0.7306743374541466,-0.792958313015679
-0.984613775886173,-0.7755183784081571,-0.4545680142242165,-1.096530031180759,-1.252098389004673,-0.3253627671052527,-0.3850057289164466
-1.151052824315522,-0.8321829757230556,-1.380907589138199,-1.0686579953343656,-1.235211106188588,-1.4667432157198728,-1.3605715277446109
-1.2145992306500315,-0.6524443167242054,-0.3509132965167996,-1.0802462336614922,-1.239672803068974,-0.2586346427185442,-0.2690395121166648
-1.1606658250978752,-0.0276900622522982,-0.3961877709177406,-1.057634730706828,-1.2183238233725031,-0.3813814394298966,-0.3187393193165713
-0.9148077411352472,-0.8845165210138856,-0.7845951039363362,-0.9161276514164218,-0.9261066653248496,-0.726555317430276,-0.7577542829157452
-1.08745052844158,-0.3218406788869627,-0.1060737046906602,-0.9332024121151132,-1.078140185904888,0.0292848569500304,0.0395134575827545
0.123061006122311,-0.2839439736763618,-0.4533765806873494,-0.6061454149085584,-0.4571487405315789,-0.3986813235301538,-0.430563885516361
-0.6750416169707386,-0.9888226905935396,-0.775361494025618,-0.9432463889966964,-0.9064847940982054,-0.751269437573501,-0.8136665660156399
-0.6398312071283981,-0.2467691104697723,-1.5074974024303027,-1.1148728439607505,-1.3058306525103982,-1.5602449702617414,-1.5152621776543194
-1.2556221525933298,-0.8430106057832273,-0.6785575191551858,-1.058714458221598,-1.2128546465513843,-0.5263709442701513,-0.6065840360160297
-1.1016464714573806,-0.6997249679869552,-0.7643407338095999,-0.9738805184855256,-1.1083645841268583,-0.6062799327332462,-0.7080544757158388
-0.496753986181745,-0.0038692761199204,1.0019594845955182,0.3038388905628849,0.5426551625570922,1.1010538671612329,1.1536174689806575
2.2591592032242973,0.2170143771075821,-1.1509609165228951,1.3647339486801169,0.9053479412207368,-1.313927572834263,-1.2858147344147512
-0.8209133148890062,-0.0987914996474256,-0.7595749996621322,-0.9463851317721912,-1.1985100512047668,-0.5506731624109896,-0.6977003492158581
0.9597274114236384,-0.1352445208500037,-1.0642841267158314,-0.270425487641638,-0.395260687029449,-1.0482507812945916,-1.033174047815227
-0.6549213827751156,0.6761058916588624,1.2789677819170624,0.3352263183178325,-0.0555960212968294,1.6118123501212211,1.4062581555801816
-0.2972283304084825,-0.6639937887883886,-0.4307393434868793,-0.6377839420855457,-0.4465941887715257,-0.3768505174036386,-0.4616262650163026
-0.0652867417644941,0.5956205082115861,1.901491804929996,2.105477243696882,1.257965920477058,1.809525311267024,1.870123022779309
-0.6314477762135553,-0.5329794650603109,-0.4810774104195041,-0.8645267201872877,-0.7459596568748514,-0.5749753805518274,-0.5216801987161894
-0.8922283672046035,-0.7044169410130295,-0.5528612810157322,-0.7139926166745587,-0.8164832527261158,-0.4415191317784111,-0.5299634999161736
-0.7912918589898943,-0.5344231490683339,-0.2639386483255189,-0.8932776040108198,-1.0512260789167525,-0.079869173682548,-0.1530732953168833
-1.03905018729322,-0.6196005055416846,-0.7303848780088944,-1.0954628586370907,-1.2687362005973386,-0.6540605650101483,-0.6624963191159243
-0.2597823389888506,0.116678338549991,0.6713366781149651,0.7407518849117565,0.4198385602582922,0.6150095043444692,0.6234861921816555
0.6752496557133009,0.5970641922196088,0.1917846795260543,1.1437664572852848,0.2984612150176807,0.6397236244876943,0.3025082706822594
0.3896541092143172,-0.2456863474637551,0.5075145667957717,0.3967456767175299,1.071822007617939,0.5697002840818892,0.5158032765818582
0.395243063157546,-0.493639075841687,-0.2398121192039654,-0.2225910477430978,0.3440376885270012,-0.3068271769978336,-0.3829349036164506
-0.8069409300309346,-0.388250143256016,-0.904036316007239,-1.0520226586242434,-1.2417837134209846,-0.8249998960007899,-0.8882162768154995
-1.025804366447768,-0.6885364169247777,-0.7500435313671975,-1.1026480685987536,-1.2793579176867738,-0.848066408134467,-0.7266919034158037
-0.9527008488703372,-0.7982564015345176,-0.6770682272341023,-1.0174964880938009,-1.1322082760575238,-0.5803301065828599,-0.6045132107160336
-0.4196264217651898,1.4831252521436598,1.070466912965362,0.7784167982176937,0.5747985701899816,0.8168414855141419,0.9775973184809884
-0.1357075614491748,-0.8076403475866664,-0.5921785877323388,-0.6455680241687728,-0.6101897410523496,-0.3249508651028653,-0.5278926746161776
0.7540539063128243,0.8554836296557067,1.6036334207132814,0.2159540928490312,0.9173417500389792,1.2740527081638098,1.712740299979605
-0.6141220189895465,-0.517098940972059,-1.050880499426079,-0.799617519590056,-0.7996919203805767,-1.135162103798267,-1.05802395141518
-0.3223786231530116,2.1793418650127,2.833788547528313,1.7828144863760198,1.0060959352939716,2.600377155850232,2.982156208877216
0.2823461935043274,-0.2023758272230683,0.12327725115621,-0.109596307825286,0.4956394319895829,0.0898344513009323,0.0830007888826728
0.5159644683312843,-0.7968127175264947,-1.0726241614738994,-0.0574931777520728,0.7767743106891803,-1.2492589584594902,-1.1429277887150202
-0.3749147902193608,-0.8845165210138856,-0.819146676505475,-0.4372810535869399,-0.2028799935848439,-0.843535486108209,-0.9006412286154762
0.4583982427160296,0.7847431132625852,1.4993829862374313,1.224118272337951,0.965316985311948,1.5623841098347713,1.342062571280303
-0.8108531977911946,-0.2186172723133258,-0.6880889874501208,-0.6119207016154689,-0.7843398450932265,-0.6977221772631798,-0.6645671444159205
1.1866389415187213,-0.2424380584457035,-1.083347063305701,-0.6652793287988799,-0.9622320174853952,-1.0614316453709782,-1.1160070598150706
-0.8114120931855175,-0.5853130103511408,-0.6171986920065424,-1.0205850109848875,-1.0896542423704003,-0.6305821508740845,-0.5444592770161465
-0.5822649815131432,-0.2251138503494289,0.2066775987368901,-0.5363397755815548,-0.2738833417888377,0.1194913954728026,0.2072503068824385
-0.9462176622961922,-0.8462588948012788,-0.8218274019634255,-0.7900757415525518,-0.834569916424025,-0.7805144797429846,-0.7784625359157062
-0.0731112772850141,-0.1594262279843873,-0.7199598345613091,-0.9678541323565756,-1.156051967988189,-0.6071037367380203,-0.716337776915823
-1.033237675192262,-0.1868562241368223,-0.7044711985820401,-1.0105912539877124,-1.159698085868935,-0.7525051435806623,-0.6190089878160064
2.241833446000288,0.4158818492127356,0.3615639585295818,2.5436457351559514,1.9910275154480228,0.6232475443922105,0.2258877345824034
0.9474317127485355,2.128091082727887,3.635027601071276,3.1136414231858014,1.7890517749488235,3.387109980409569,3.4915792326762576
-0.0652867417644941,0.8959067818803477,0.4151784676885903,0.4356660871336651,0.6270915766375175,0.2484167222199609,0.4640326440819556
0.4690172552081637,0.0614574252431154,-0.823316693884509,-0.5492713958165932,-0.7296480768820421,-0.8538330361678862,-0.8592247226155543
0.9429605495939524,-0.162313596000433,-0.5433298127207975,0.178289179543094,-0.1601820341919015,-0.4139216976184762,-0.6003715601160415
0.7736152451141248,-0.3413304129952719,-0.3884434529281058,0.0907810309623,-0.0714278489369092,-0.2833487628617693,-0.430563885516361
-0.9802543918104546,-0.544528937124494,-0.3133831401054939,-0.9262971780090248,-1.0522815340927576,-0.1420663760429985,-0.2400479579167196
0.1962763027786061,0.4797648665677488,-1.250743475235495,-0.5221526582363184,-0.8528964562982991,-1.4510909396291631,-1.3021742542847206
-0.92196160218258,0.3707667239620204,-0.9373964550395107,-0.7746331270971176,-0.7569939609876343,-1.3242251228939403,-0.8799329756155153
-1.1616718368076564,-0.1951574071829538,-0.6088586572484749,-1.0998822084649875,-1.288650720759148,-0.5168971982152482,-0.5278926746161776
-0.2810203639731196,-0.5163770989680477,-0.4265693261078453,-0.6950346103105703,-0.7243708010020155,-0.2771702328259633,-0.4284930602163649
-0.5040196263079424,-0.6636328677863829,-0.5790728188268034,-0.7773952207395529,-0.7037414498346388,-0.4159812076304115,-0.5216801987161894
-0.4151552586106069,-0.2391897694276522,0.2960351140019044,-0.3789004379627372,-0.5080024899209259,0.6026524442728561,0.3853412826821032
-0.7253422024597964,-0.8906521780479827,-0.4021449386020745,-0.841048924226587,-0.6514484433871028,-0.2672845847686728,-0.3187393193165713
-0.3587068237839976,0.6241332673700379,1.6066120045554484,0.1153887743221788,-0.0095397954347793,1.7230258907657356,1.6651113180796946
1.1883156277016895,2.0605988553528167,1.570868998449443,0.9453979138740154,0.4706923096476391,1.7189068707418638,1.6402614144797418
-0.6482146380432412,-0.5503036731565858,-0.3994642131441244,-0.5634585131618296,-0.1481882253736594,-0.5626183204802149,-0.4098556325164001
-0.8024697668763516,2.8939654489840323,2.747409616105466,0.3515477807504053,0.0667408286492412,2.015476312460568,2.998722811277185
0.1526824620214228,2.175732654992643,2.613373343207944,1.9585840818037263,0.9758715370720014,2.2749745739644323,2.358837793578389
0.765231814199282,0.0939403154236306,0.6564437589041294,1.1588324226076598,2.0941742712849054,0.7015089248457574,0.6441944451816161
-0.5940017847939234,-0.8188288986488439,-0.0822450339533232,-0.6888826744706005,-0.6524079480925622,0.234000152136413,-0.0143280002171444
0.0710837344502847,-0.2301667443775091,1.3355608749182382,1.3107475729416067,0.6246928148738691,2.031952392556052,1.3296376194803263
-0.364854673121549,0.7526211440840757,1.7734126997168094,0.802271243311454,0.689459382492377,1.7642160910044444,1.8846187998792816
-0.5369944545729913,-0.8469807368052902,-0.2413014111250489,-0.7939677825941653,-0.6600839857362372,-0.1700757122053201,-0.2959602410166143
-0.4112429908503468,-0.8325438967250613,0.1739131764730512,-0.2798417159681223,-0.2916341788398363,0.5902953842012436,0.1451255478825553
2.8476760534462726,-1.059924127988667,-0.9159506513759073,1.7476605672904784,1.5870760344496246,-0.8987303544280784,-1.1222195357150593
-0.751610285992971,-0.8527554728373818,-0.3023623798894753,-0.9552991612545964,-0.9251951358546632,-0.2503966026708024,-0.3270226205165559
0.2437824112960496,-0.9563398004130244,-0.2770444172310547,-0.5814121218376597,-0.0733468583478278,-0.1523639261026756,-0.3580850000164975
1.118453703411332,-0.6993640469849494,-0.4617166154454175,1.005661775163515,2.725048615124446,-0.7689812236761461,-0.6272922890159907
-0.430804329651647,-0.5376714380863854,-0.6651538918654335,-0.1230301269044036,-0.2278271159267876,-0.7747478517095653,-0.7101253010158348
-0.3603835099669663,-0.8697187599316508,-0.8200402516581252,-0.6696735686845725,-0.5607752487211917,-0.87731145030395,-0.8654371985155425
1.1246015527488833,-1.031411368830215,-0.5927743045007721,-0.1176314893305526,0.0912081986384553,-0.5444946323751831,-0.7660375841157295
0.6467459906028346,-0.5210690719941221,-0.3583597561222175,-0.3751339466321434,0.2322553903409837,-0.4666451539240235,-0.4326347108163571
-0.2653712929320794,-0.8007828485485577,-0.3178510158687443,-0.4774569611132729,0.0691395904128897,-0.254515622694673,-0.4202097590163803
-0.4503656684529472,0.0379975601127434,-0.1507524623231674,-0.0615107685047061,-0.0224931089584808,0.0824202152579644,-0.0992318375169847
0.2672560178576099,-0.5001356538777901,-0.5841364113584872,-0.2562383702964015,0.1698875844861241,-0.5432589263680218,-0.6500713673159476
-0.6331244623965239,-0.5452507791285056,-0.2264084919142131,-0.8581236849252785,-0.7824208356823078,-0.1482449060788044,-0.1572149459168754
2.3033119393758037,-0.2695071335961329,-0.8200402516581252,0.1494127460085422,0.1435012050859913,-0.7656860076570494,-0.8757913250155231
0.8658329851773973,0.7417935140239039,1.0347239068593566,1.2153297925665654,0.5311411060915799,1.5211939095960625,0.9423932883810552
-0.661069232112667,-0.7726310103921112,-1.0136482013989898,-0.873440749669693,-0.8925240006337714,-1.0799672354783971,-1.0124657948152656
-0.3251731001246258,0.4032496141425355,-1.2882736316468006,-1.1148728439607505,-1.3058306525103982,-1.5116405339800651,-1.2630356561147942
0.2124842692139693,0.8728078377519816,1.0377024907015235,1.259272191423492,1.358234162197563,0.4296536032702797,1.0210846497809067
0.6584827938836149,0.7905178492946765,1.9282990595095009,2.4130740356953697,2.077862691292097,2.1596420132960485,2.0627097756789468
-0.5124030572227851,-0.4369744785267885,-0.5638820412317508,-0.5143685761530914,-0.5367876310847072,-0.5725039685375053,-0.5610258794161153
-0.7124876083903705,-0.9195258582084408,-0.3229146084004285,-0.7782740687166915,-0.8999601621010815,-0.0914024297493865,-0.2793936386166454
-0.3302031586735315,-0.6914237849408235,-0.2958094954367076,-0.0376563234109459,0.3435579361742715,-0.1593662601432562,-0.3042435422165985
0.5193178406972218,-0.1489595189262213,-0.492693887403956,-0.187060479524497,-0.39382142997126,-0.3673767713487355,-0.5237510240161856
-0.6029441111030892,-0.7928425865044317,-0.7884672629311534,-0.774382027675078,-0.3084255111853753,-0.892139922389885,-0.7432585058157725
-0.3262908909132714,-0.2215046403293717,-0.6332830447542452,-0.7566795184212876,-0.6106694934050793,-0.6882484312082765,-0.5838049577160727
0.6540116307290317,-0.0078394071419834,1.2610962788640596,2.8889074404603763,3.0282521020496094,1.3358380085218728,0.938251637781063
-0.7510513905986481,-0.5521082781666143,-0.5844342697427041,-0.7876902970431758,-0.5794855904776495,-0.652001054998213,-0.5113260722162087
0.6512171537574177,-0.6116602434975587,-0.3261910506268124,-0.6055176663534595,-0.5363078787319776,-0.3208318450789941,-0.4429888373163373
-0.7057808636584961,-0.9361282243007036,-0.5233733009782776,-0.7010609964395201,-0.4374788940696617,-0.3620220453177029,-0.4989011204162324
-0.9494033660438328,-0.078940844537111,-0.6895782793712043,-0.8500885034200119,-1.0697445197321185,-0.5634421244849889,-0.6397172408159674
-0.2312786738783846,-0.0922949216113227,-0.7297891612404607,-0.4941550726789051,-0.6284203304560778,-0.8888447063707885,-0.8012416142156632
-0.7275777840370878,-0.6008326134373869,0.2573135240537316,-0.4243494333519014,-0.1976027177048172,0.507914983723826,0.2983666200822673
1.0798899212030542,0.3397275177895281,-0.465588774440235,-0.3457553142535124,-0.4240458281932304,-0.3846766554489932,-0.3870765542164427
0.1252965876996026,0.1751475408749182,0.9185591370148378,0.3929791853869362,0.2778318638503042,1.0639826869463946,0.9962347461809532
-0.1329130844775606,-0.2561530565219211,-0.5439255294892309,-0.7117327218762024,-0.6452116628016169,-0.5584993004563442,-0.4492013132163259
-0.8680281966304236,-0.7708264053820827,-0.6609838744864,-0.7654679981926729,-0.4369991417169319,-0.8023452858695003,-0.6666379697159165
-0.901114803974337,-0.7524194342797907,-0.8140830839737908,-0.7324484241944679,-0.7939348921478203,-0.8670139002442727,-0.7991707889156672
0.0705248390559618,-1.0342987368462608,-1.210830451750455,-0.645944673301832,-0.4096532576113397,-1.3271084369106498,-1.3054875747647143
0.1454168218952257,-0.312456732834814,0.0875342450502042,-0.2537273760760059,0.1881181738898524,0.2290573281077678,0.1016382165826377
-0.6264177176646495,0.2271201651637424,0.0845556612080368,-0.526546898122011,-0.5636537628375697,0.1952813639120263,0.2051794815824428
0.2823461935043274,-0.4709010527153265,-0.6603881577179662,-0.7940933323051851,-0.7473989139330405,-0.6417035049385358,-0.6666379697159165
-0.488370555266902,0.0903311054035733,-1.147684474296511,-0.8578725855032389,-1.0112147326990963,-1.3332869669464562,-1.1222195357150593
0.7495827431582417,3.482266682253361,1.4844900670265957,0.7959937577604645,0.7144065048343208,0.4502487033896341,1.4290372338801396
-0.7180765623335992,-0.6491960277061539,-0.5701370673003017,-0.8185755259540444,-0.8555830694735854,-0.4567595058667336,-0.5423884517161504
-0.8962524140437282,-0.4283123744786513,-0.8340395957163108,-1.0024430777425275,-1.1339833597626237,-0.8657781942371114,-0.8095249154156479
-0.2799025731844739,-0.4286732954806569,-0.6204751342329263,-0.4262326790171982,-0.077664629522395,-0.731910043461308,-0.6624963191159243
1.5068860024657222,0.5089994677302124,0.2036990148947226,0.705597965826215,0.2384921709264698,0.2574785662724768,0.0395134575827545
-0.3033761797460342,-0.5759290642989919,-0.754511407130448,-0.2238465448532955,-0.2014407365266548,-0.6800103911605352,-0.7515418070157567
0.1459757172895485,-0.6524443167242054,-0.1745811330605045,0.0975607153573687,0.4500629584802624,-0.1033475878186123,-0.233835482016731
-0.3704436270647778,1.0514637337448145,-1.0565398087261966,-1.0027067321356695,-1.205802286966258,-1.2373138003902648,-1.0476698249151992
-1.1055587392176407,-0.7942862705124547,-1.1122393265747224,-1.0838620653388622,-1.2465812369482816,-1.1854141480894915,-1.0683780779151606
0.7372870444831388,-0.2799738426542988,-0.7700000431097174,-0.3195154246503761,0.1041615121621568,-1.008296287063044,-0.8571538973155579
-0.2234541383578646,-0.3517971220534379,-0.7020883315083064,-0.6611361883352268,-0.381347868800288,-0.9547490267527222,-0.7266919034158037
-1.0739252598989666,-0.9516478273869502,-0.980288062366718,-0.9429952895746568,-1.086104074960201,-0.8855494903516918,-0.9503410358153828
-0.767818252428334,-0.3961904053001418,-0.547797688484048,-0.9388521491110038,-1.1394045613484691,-0.4526404858428624,-0.5071844216162167
2.048455639564577,-0.5492209101505685,0.5402789890596106,2.31640075821013,3.0210558167586647,0.4172965431986666,0.0167343792827975
0.4175988789304604,-0.8246036346809354,-0.5257561680520113,-0.1429925309565503,-0.1529857489009561,-0.4324572877258952,-0.7018419998158502
0.0934395502231993,0.1007978144617391,1.1538672605460425,1.563102492091386,1.2406948357787897,1.7230258907657356,1.1929631496805837
0.8608029266284914,1.4939528822038315,1.1330171736508727,0.8863895496947136,0.5709605513681439,1.3070048683547766,1.323425143580338
-0.4934006138158078,-0.3694822511517182,-0.1477738784810005,-0.6947835108885307,-0.720532782180178,0.1203151994775766,0.0084510780828125
-0.4229797941311271,-0.6654374727964114,0.1977418472103887,0.2988169021220933,0.6462816707467051,-0.0349718554223553,0.1596213249825281
-0.6627459182956357,-0.1395755728740725,-0.361040481580168,-0.8892600132581865,-0.963911150719949,-0.3830290474394446,-0.3767224277164624
-0.7001919097152676,-0.0576465054187733,-0.1805383007448389,-0.67118016521681,-0.7699472745113359,-0.0901667237422252,-0.1261525664169338
-0.8119709885798403,-0.2283621393674805,-0.1894740522713403,-0.9463851317721912,-1.0778043592579771,-0.1354759440048046,-0.132365042316922
-0.9076538800879148,-0.6892582589287891,-0.3196381661740447,-0.8528505970624473,-1.005505679701613,-0.0979928617875798,-0.2814644639166415
1.1681953935060665,-0.5333403860623166,-0.5099696736885254,0.0724507731534105,0.986905841184784,-0.8336498380509185,-0.8095249154156479
0.9837599133795216,0.3783460650041405,0.7606941933799796,0.3967456767175299,1.1102021958363144,0.8415556056573675,0.8512769751812264
-0.7778783695261455,-0.1763895150786562,-0.2788315675363547,-0.9824178988348712,-1.1371017500553666,-0.1482449060788044,-0.2069147531167819
-0.6800716755196444,-0.8061966635786436,-1.1292172544750754,-0.8646522698983075,-1.1146013647123445,-1.035893721222979,-1.1035821080150945
-0.5520846302197087,-0.3846409332359587,0.7755871125908153,0.2536190061549685,0.7523069406999663,1.051625626874782,0.8512769751812264
-0.2921982718595768,-0.5156552569640364,-0.6785575191551858,-0.4317568663020691,-0.5339091169683291,-0.5914514606473111,-0.6811337468158892
-0.2977872258028054,-0.0558419004087447,1.1359957574930395,1.0169612491552964,1.76410465260688,1.04338758682704,1.0894218846807786
-0.7694949386113027,-0.6668811568044343,-0.0405448601629829,-0.604011069821222,-0.3175408058872395,0.1610934977138981,0.0333009816827659
-0.2793436777901508,-0.5474163051405398,0.0249839843646939,-0.0079010418992555,0.5071534884550954,0.0939534713248029,0.0063802527828168
-0.2642535021434335,0.9352471710989716,1.815112873507149,0.8587686132703599,0.8045999471475025,1.9001437517921824,1.9488143841791608
1.964621330416148,-0.5383932800903968,-0.7074497824242071,-0.0129230303400471,0.2380124185737399,-0.623579816833504,-0.7204794275158155
-0.3458522297145717,0.2245937181497022,0.9691950623316796,0.9629748734167864,0.6021444542955737,1.4717656693096115,1.0707844569808136
0.0230187305385184,-0.7722700893901056,-0.6609838744864,-0.605768765775499,-0.4369991417169319,-0.6260512288478266,-0.6583546685159323
-0.7247833070654736,-0.3579327790875352,-0.1239452077436634,-0.2492075864792934,-0.6471306722125356,0.0778892932317065,-0.0971610122169882
-0.9467206681510828,-0.8516727098313647,-0.4658866328244515,-0.7424924010760512,-0.4005379629094756,-0.4674689579287975,-0.3995015060164194
-0.7275777840370878,-0.2323322703895434,-0.3148724320265774,-0.7609482085959604,-0.9698600798937972,-0.2318610125633833,-0.2524729097166959
-0.0725523818906913,-0.3308637039371059,-0.6320916112173782,-0.2159369130590488,0.0964854745184819,-0.704312609301373,-0.6521421926159441
-0.9722621876716376,-0.7101916770451211,-0.475715959503603,-0.7668490450138905,-0.6389748822161309,-0.3241270610980913,-0.3974306807164233
-0.9224087184980384,-0.5163770989680477,-0.4825667023405875,-0.9634598924708828,-1.091765152722411,-0.3855004594537672,-0.3995015060164194
-0.7141642945733392,-0.8195507406528553,-1.1685345611916813,-0.9214007392792528,-0.960888710897752,-1.247611350449942,-1.159494391114989
-0.1837725653609411,1.8909659844101272,1.3355608749182382,0.1494127460085422,-0.0397641936567495,0.7921273653709169,1.3855499025802211
1.5795424037276948,7.730306875860725,4.287337462505881,3.448859151608643,1.9723171736915648,3.9102255234411714,4.094189394975123
-0.4855760782952878,-0.626818925581799,-0.204366971482176,-0.6784620484559579,-0.5996351892922964,0.0115730708473854,-0.1799940242168324
-0.4732803796201847,-0.8069185055826549,-0.7321720283141943,-0.6921469669571151,-0.4134912764331772,-0.745090907537695,-0.7246210781158076
-0.5895306216393404,-0.7322078581674702,-0.3622319151170351,-0.5048267981155873,-0.4058152387895022,-0.3167128250551235,-0.2835352892166375
2.296605194643929,-0.4481630295889658,0.2305062694742271,0.153179237339136,1.8394257719854408,-0.2100302064368676,-0.1717107230168482
0.3527670131890081,-0.3247280469030086,-0.1894740522713403,0.247341520603979,0.8549739441841199,-0.2466894846493184,-0.3042435422165985
-0.7214299346995364,-0.2294449023734975,-1.0767941788529334,-0.92918482136248,-0.9983573696459408,-1.2731492745979414,-1.060094776715176
2.5022786997547435,1.8902441424061156,1.082381248334031,1.5668689834219798,1.1720902493384435,1.1134109272328452,1.0977051858807627
0.3678571888357254,0.0177859840004229,-0.5695413505318683,0.1657342084411149,0.2226603432863899,-0.6421154069409231,-0.6024423854160376
-0.3123185060551998,-0.0995133416514372,-1.083644921689918,-0.7447522958744074,-0.6931868980745857,-1.2554374884952966,-1.0621656020151722
-0.5548791071913229,0.7251911479316405,-0.5963486051113728,-0.8176966779769058,-1.0408154528625182,-0.62275601282873,-0.552742578216131
-0.4347165974119071,-0.5795382743190493,0.1411487542092127,-0.4194529946221296,0.2058690109408508,0.1845719118499624,0.1886128791824736
-0.9632639718230396,0.1455520187104489,-0.660686016102183,-1.1148728439607505,-1.3058306525103982,-0.5992775986926657,-0.5838049577160727
0.3047020092772418,-0.9274661202525666,-0.7887651213153702,-0.4726860720945208,0.3085360144250044,-0.8880209023660145,-0.8964995780154841
-0.4201853171595127,-0.9213304632184692,-0.4182292913497773,-0.3822902801602715,0.3617885255779998,-0.3739672033869287,-0.451272138516322
0.4136866111702003,-0.2070678002491427,0.1441273380513797,-0.4792146570675499,-0.1006927424534202,0.0181635028855786,0.037442632282758
-0.6890140018288102,-0.9011188871061488,-0.1805383007448389,-0.8356502866527359,-0.641853396332509,-0.1235307859355794,-0.233835482016731
-0.242456581764842,-0.7282377271454072,-0.751234964904064,-0.4484549778677012,-0.0603935448241263,-0.7405599855114371,-0.8012416142156632
1.6331963615826894,-0.3265326519130372,0.4419857222680944,1.6924186944417705,1.523268971536576,0.7344610850367244,0.232100210482392
-0.4928417184214849,-0.6704903668244915,-0.5489891220209151,-0.7487698866270407,-0.5286318410883025,-0.5634421244849889,-0.6065840360160297
-0.8192366287060375,-0.2655370025740699,-0.0852236177954901,-0.7388514594564771,-0.503204966393629,-0.1334164339928693,0.0291593310827738
-0.6124453328065779,-0.8892084940399599,-0.3669976492645024,-0.3884422160002412,-0.4192483046659335,-0.1914946163294491,-0.2980310663166103
-0.96644967557068,-0.5849520893491351,-0.3419775449902983,-0.5438727582427422,-0.4701020540552805,-0.1733709282244168,-0.2711103374166608
-0.4067718276957639,-0.8740498119557195,0.1560416734200485,0.3804242142849571,0.6150977678192753,0.4461296833657629,0.1534088490825403
2.75154604562274,-0.0471797963606073,-0.2812144346100887,0.8236146941848186,1.0430368664541576,-0.3756148113964773,-0.5154677228162012
-0.6454201610716269,-0.6668811568044343,-0.0375662763208159,-0.463018744345997,-0.1366741689081468,0.0923058633152543,0.0395134575827545
0.1593892067532973,0.5801009051253397,1.3891753840772472,1.7175286366457283,1.541979313293034,1.4882417494050948,1.5926324325798311
-0.7018685958982361,-0.1222513647777977,-0.6163051168538928,-0.5776456305070659,-0.5909996469431621,-0.6787746851533739,-0.6107256866160218
-0.615798705172515,-0.5697934072648948,0.5968720820607861,-0.656741948449534,-0.1174840747989592,0.6232475443922105,0.6027779391816942
-0.7504924952043253,-0.654248921734234,-0.4325264937921797,-0.8996806392728292,-0.7157352586528811,-0.5679730465112468,-0.4347055361163531
-0.9615313961006388,0.282341078470618,0.5909149143764517,-0.5568043784777806,-0.8030501868496844,0.9321740461825264,0.7353107583814449
0.0850561193083563,1.2618806779141514,1.076424080649697,0.3540587749708012,-0.08534066716607,1.08869680708962,1.0894218846807786
-0.8633893648575438,-0.2799738426542988,-0.7154919587980586,-1.0248160362462546,-1.2255201086634484,-0.5411994163560865,-0.6376464155159713
-0.2771080962128595,-0.2940497617325221,-0.3565726058169172,-0.8888833641251271,-0.936517291379084,-0.3257746691076393,-0.3663683012164818
-0.6577158597467299,-0.6239315575657532,-0.1001165370063259,-0.2581216159616986,-0.4902516528699273,0.1709791457711885,-0.0536736809170699
-0.0256051687675706,-0.6235706365637476,-0.3565726058169172,-0.1083408107150881,0.4126422749673468,-0.3822052434346706,-0.3912182048164348
-0.6577158597467299,-0.9094200701522804,-0.4301436267184461,-0.6617639368903258,-0.3328928811745895,-0.474471291969378,-0.4574846144163101
0.3723283519903085,1.3972260536662977,1.1657815959147113,0.7570733473443295,0.389134409683592,1.2081483877818753,1.342062571280303
0.135915600191737,0.6685265506167422,1.6661836813987914,1.6321548331522708,1.1788067822766597,1.8877866917205708,1.5719241795798702
-0.4073307230900867,-0.1197249177637577,0.0726413258393685,-0.1455035251769462,-0.415410285844096,0.2784855683942184,0.1016382165826377
0.7311391951455869,0.2523846353041431,-0.0375662763208159,0.5888367345778096,0.3162120520686793,0.014868286866482,-0.0536736809170699
-0.5481723624594486,-0.5322576230562995,-0.6133265330117253,-0.370614157035431,-0.3995784582040161,-0.4415191317784111,-0.5589550541161192
0.4516914979841551,3.1971390906688395,3.104839677165524,0.9893403127309424,0.5143497737460409,2.4768065551341056,3.007006112477169
1.114541435651072,0.0087629589502798,-1.1381530060015763,0.1067258442618133,-0.2988304641307815,-1.2554374884952966,-1.2402565778148371
1.307919242086783,-0.4719838157213438,-1.1256429538644743,0.3766577229543635,0.091687950991185,-1.1471072618674922,-1.1739901682149618
-0.1955093686417214,-0.8087231105926835,-0.6591967241810995,-0.0885039563739611,0.3900939143890513,-0.5148376882033128,-0.6438588914159594
-0.1116750594932917,-0.8202725826568668,-0.9287585618972262,-0.6047643680873407,-0.7032616974819093,-0.8534211341654989,-0.9482702105153866
-0.751610285992971,-0.7163273340792184,0.0756199096815354,-0.4210851408653869,-0.3717528217456942,0.5243910638193098,0.2176044333824192
1.3369818025915716,-0.260123187543984,0.3109280332127402,1.4337862897410016,1.5299855044747914,0.4873198836044717,0.1741171020825009
0.7646729188049589,-0.7679390373660369,-0.7747657772571847,-0.270425487641638,-0.0152968236675355,-0.6449987209576324,-0.790887487715683
-0.7549636583589082,-0.6748214188485602,-0.1656453815340032,-0.6859950311171453,-0.7776233121550109,0.1108414534226734,-0.1365066929169145
-0.1580633772220895,-0.0525936113906931,0.1798703441573856,0.6993204802752255,1.1437848605273926,-0.1371235520143532,0.0291593310827738
-0.4112429908503468,0.040884928128789,0.0368983197333626,-0.082603119956031,-0.1102877895080139,0.0956010793343515,0.1016382165826377
-0.5129619526171082,-0.0691959774829564,0.1947632633682213,-0.1750077072665971,0.0691395904128897,0.2179359740433166,0.2714458911823175
-0.5068141032795566,-0.5853130103511408,-0.8373160379426946,-0.5747579871536107,-0.5267128316773838,-0.7912239318050485,-0.7867458371156905
-0.3749147902193608,0.5043074947041382,1.0406810745436903,0.8550021219397663,0.4975584414005017,1.187553287662521,1.1577591195806496
-0.1368253522378207,0.3707667239620204,1.5857619176602786,0.6566335785284968,0.7019329436633489,1.587098229977996,1.545003450679921
-0.1222940719854261,0.1350853096522829,-0.236833535361798,-0.5090954882902602,-0.7080592210092062,-0.3097104910145429,-0.2524729097166959
-0.5515257348253857,-0.0785799235351051,-0.4060170975968921,-0.6277399652039624,-0.6231430545760511,-0.3896194794776378,-0.3767224277164624
-0.0043671437833019,-0.1854125401287993,-1.174193870491799,-0.6965412068428077,-0.8262702007218014,-1.318458494860521,-1.18020264411495
0.3712105612016628,2.1161806896616984,2.9320818143198286,1.7853254805964156,0.9288558065044916,3.028755238332804,2.8268443113775086
-1.0942131627128866,-0.9772732185293566,-0.9198228103707248,-1.0512568053870226,-1.184309381563968,-0.8513616241535636,-0.8985704033154802
-0.1658879127426096,-0.3106521278247854,-0.2332592347511973,-0.4387876501191773,-0.3775098499784505,-0.1334164339928693,-0.2400479579167196
-0.2826970501560881,-0.5607703822147516,-0.9811816375193682,-0.8223420172846381,-0.9012075182181788,-1.1932402861348463,-1.0414573490152113
-0.43918776056649,-1.005064135683797,-1.3094215769261874,-0.7928378351949872,-0.4643450258225242,-1.5421212821567096,-1.4073721795245224
-0.6174753913554837,-0.7412308832176133,-0.1596882138496688,-0.5874385079666096,-0.0325679083658042,-0.1865517923008039,-0.1903481507168131
-0.9115102583087424,-1.0415171568863753,-0.5969443218798061,-0.7434967987642096,-0.4465941887715257,-0.5366684943298285,-0.550671752916135
0.3907719000029628,0.5086385467282067,-0.3795077014016045,0.153179237339136,-0.5578967346048135,-0.0683359176157095,-0.3415183976165287
-0.7795550557091142,-0.5553565671846658,-0.6058800734063075,-0.6401693865949216,-0.527672336382843,-0.5823896165947953,-0.5838049577160727
-0.4095663046673783,0.1199266275680426,-0.5582227319316333,-0.4517192703542158,-0.6504889386816435,-0.6622986050578902,-0.573450831216092
-0.4587490993677903,-0.7163273340792184,-0.6034972063325738,-0.5875640576776293,0.0173263363180832,-0.6903079412202124,-0.6045132107160336
-1.0199918543468105,-0.7235457541193329,-0.1686239653761706,-0.894909750254077,-0.7272493151183936,-0.1733709282244168,-0.086806885717008
0.3024664276999504,1.5462864274946613,1.3325822910760712,0.7972492548706623,0.1775636221297991,1.7600970709805726,1.4414621856801155
0.4639871966592579,-0.9184430952024236,-0.918333518449641,-0.4541047148635918,-0.2873164076652691,-0.8723686262753048,-0.9627659876153596
0.0381089061852357,1.0590430747869346,1.576826166133777,1.5028386308018862,0.8209115271403119,1.8877866917205708,1.663040492779699
0.0196653581725811,-0.7307641741594474,-0.0882022016376575,0.7219194282587882,0.7254408089471037,0.0741821752102225,-0.2027731025167898
0.5293779577950333,-0.3951076422941246,-0.6297087441436445,-0.5480158987063952,-0.6365761204524824,-0.6425273089433098,-0.6811337468158892
-0.8822800291856566,-0.0991524206494315,-1.4920087664510335,-1.1148728439607505,-1.3058306525103982,-1.8119170937202524,-1.489376861404368
2.1848261157793565,-0.6697685248204801,-1.571834813421113,0.0467130823943534,0.3219690803014355,-1.797088621634317,-1.5720027908742125
0.8742164160922401,-0.4575469756411148,-0.8483367981587132,-0.2690444408204203,-0.4437156746551476,-0.7133744533538888,-0.8302331684156088
1.1765788244209097,-0.5448898581264999,0.1858275118417199,0.1519237402289381,0.6323688525175443,0.1582101836971887,-0.0101863496171523
-0.7689360432169798,-0.3683994881457011,0.0041338974695242,-0.5994912802245095,-0.5329496122628697,0.112489061432222,0.0498675840827351
-0.657156964352407,-0.613825769509593,-0.440270811781814,-0.7398558571446355,-0.7963336539114687,-0.2919987049118984,-0.3932890301164312
-0.2100406488941158,-0.480645919769481,-0.241003552740832,-0.6518455097197622,-0.6452116628016169,-0.0905786257446125,-0.2524729097166959
-0.2508400126796848,-0.2135643782852458,-0.2883630358312897,-0.7414880033878928,-0.8025704344969548,-0.1968493423604811,-0.1903481507168131
-1.0189299530975968,-0.7029732570050067,-1.0764963204687166,-0.9878165364087222,-1.095507221073703,-1.098090923583429,-1.0393865237152151
0.2996719507283361,-1.049457418930501,-1.0776877540055836,-0.5677272033365024,-0.4504322075933633,-1.0758482154545266,-1.126361186315051
-0.7963219175388001,-0.3951076422941246,-1.1366637140804932,-0.8214631693074995,-0.8572622027081392,-1.2735611766003283,-1.1056529333150904
-0.3788270579796207,0.4129944811966897,-0.6958333054397552,-0.9205218913021144,-1.008672045229629,-0.9506300067288516,-0.670779620315909
-0.8069409300309346,-0.3207579158809455,-0.9883302387405692,-1.1148728439607505,-1.3058306525103982,-0.9662822828195607,-0.9544826864153748
0.2812284027156815,-0.4517722396090231,-0.8775269198119513,-0.50922103800128,-0.555497972841165,-0.843535486108209,-0.8799329756155153
-0.7348434241632851,-0.592892351393261,-0.5707327840687354,-0.8641500710542284,-0.8907009416933985,-0.4374001117545405,-0.4968302951162364
-0.3989472921752439,-0.3748960661818041,-1.3225273458317228,-0.6131761987256666,-0.922364596973558,-1.3575891850872943,-1.330337478364667
-0.2206596613862502,-0.6986422049809379,-0.5486912636366982,-0.3370923841931469,-0.1357146642026874,-0.3900313814800252,-0.4926886445162439
0.1051763535039793,-0.6686857618144629,-1.1226643700223076,-0.3617001275530258,-0.3463259470510207,-1.0832624514974938,-1.1242903610150554
-0.1820958791779726,-0.5813428793290778,-1.1730024369549323,-1.0517841141733055,-1.2576155410610643,-1.12198123972188,-1.1636360417149811
-0.7957630221444773,0.4775993405557143,-1.214106893976839,-1.1148728439607505,-1.3058306525103982,-1.3472916350276172,-1.196769246514919
1.1687542889003897,-0.6488351067041482,-0.0405448601629829,0.1770336824328962,0.451022463185722,0.1821004998356397,-0.1634274218168636
0.2426646205074039,-0.6004716924353811,-0.7440863636828631,0.2812399425793224,0.4356703878983717,-0.7187291793849214,-0.7846750118156944
0.0727604206332534,-0.146793992914187,-0.2103241391665103,-0.5546700333904442,-0.669679032790831,-0.0242624033602914,-0.2007022772167934
-0.9277741142835376,-0.3286981779250715,-0.955267958092514,-1.1148728439607505,-1.3058306525103982,-0.87731145030395,-0.9006412286154762
1.2833278447365766,-0.5232345980061565,0.6385722558511259,2.0866447870439133,4.307271874426959,0.4708438035089885,0.2590209393823411
0.9848777041681672,2.010430836074021,2.139778512303368,2.870074983807408,1.8600551231528175,2.101975732961856,1.6609696674797023
0.1918051396240234,2.7820799383622576,1.7525626128216387,1.9472846078119457,0.6645122601504334,2.060785532723147,1.9011854022792505
-0.0697579049190769,1.3004992251287637,1.4219398063410855,0.693042994724236,0.236573161515551,1.615931370145092,1.5367201494799367
0.6612772708552292,0.1848924079290727,0.5790005790077833,0.0465875326833335,0.3267666038287324,0.6726757846786612,0.5613614331817722
2.01771639287682,1.1579354293365027,2.303600623622561,3.296944001274696,3.1976046825631896,1.9825241522696,1.961239335979137
-1.1635161916089216,-0.0702787404889736,-1.4327349479919074,-1.1148728439607505,-1.3058306525103982,-1.8143885057345748,-1.410892582534516
