mean concave points,mean area,worst perimeter,worst area,mean radius,mean perimeter,worst radius
2.5324752164032427,0.9843749048031144,2.303600623622561,2.0012374893299203,1.097063981469984,1.2699336881399386,1.8866896251792773
0.5481441558908354,1.9087082542365932,1.5351259923434375,1.8904889885289904,1.8298206075464487,1.6859547105508974,1.8059274384794293
2.037230755700809,1.558883632758692,1.347475210286907,1.4562845488809009,1.5798881149312212,1.5665031298586418,1.5118702458799833
1.4517073568494945,-0.7644637923250276,-0.2499393042673333,-0.5500212283270548,-0.7689092872596179,-0.5926871666544724,-0.2814644639166415
1.4284927727540675,1.8262292784409904,1.3385394587604051,1.2207242455900342,1.7502966326234215,1.7765731510760563,1.2985752399803845
0.8246556464496944,-0.5056504544836534,-0.1150094562171616,-0.244320207862266,-0.4763746652213395,-0.3871480674633158,-0.1654982471168596
0.6469351082080397,1.095294906735132,1.3683252971820767,1.2752195396349362,1.170907672469938,1.1381250473760702,1.368983300180252
0.2819502582632775,-0.218964911028593,0.0994485804188725,0.0288594274466941,-0.1185167780677167,-0.0728668396419674,0.1637629755825202
1.1506915830787965,-0.3842072728811627,-0.0316091086364816,-0.2483634070978556,-0.3201668573368216,-0.1840803802864812,-0.1613565965168675
0.9417603262199572,-0.5090633776200234,-0.2862780271417725,-0.2974091717382673,-0.4735345232598024,-0.3294817871291233,-0.2441896085167117
-0.4046855513147839,0.4064532537111668,0.4926216475849359,0.4736113433615393,0.5375560150472571,0.4420106633418922,0.6048487644816906
0.4421308885217207,0.3586723298019902,0.8709017955401637,0.735540337319294,0.4693926079703766,0.4790818435567298,0.8595602763812112
1.6219476402159556,1.331355423667374,1.3236465395495696,0.7935514567864477,1.4322007329313136,1.6653596104315431,0.9713848425810008
0.1217696280048341,0.3635073042451809,0.1411487542092127,-0.0071777831313861,0.4892736017011335,0.483200863580601,0.1182048189826062
0.8081474977596133,-0.2178272699831365,0.045834071259864,-0.3214925758806917,-0.1128364941446435,0.067179841169642,-0.2566145603166884
0.6376492745698691,0.011122990415002,0.5015573991114373,0.1100749947007094,0.1172150047398276,0.1961051679168009,0.2465959875823647
0.0946859465601697,0.084216427585588,0.4807073122162676,0.4525163908280289,0.1569769922013413,0.11413666944177,0.5799988608817371
1.38980179926169,0.4092973563248083,0.8798375470666654,0.7636669406973079,0.5687975766241605,0.6644377446309193,0.9713848425810008
1.1880928574547611,1.720997481736256,2.3691294681502386,2.667486406846625,1.6139698184696607,1.5665031298586418,2.2884297333785217
-0.0286092889688735,-0.2519565013468342,-0.2252170583773461,-0.2977607542804924,-0.1667991914138409,-0.1857279882960298,-0.2400479579167196
-0.4596267336739602,-0.3836384523584343,-0.3327439350795801,-0.4396243100683502,-0.2974457216445281,-0.2611060547328669,-0.3663683012164818
-0.7263365109480833,-1.0835721055756011,-1.254913492614529,-0.9944215616996748,-1.313080487090047,-1.3028062187698115,-1.2506107043148174
1.2546413318616507,0.1408140695970533,0.5313432375331087,0.1763483039101546,0.3444263616627626,0.4337726232941504,0.3729163308821269
0.9647169704921011,2.130548258100628,2.404872474256244,3.048953465160939,1.9973889832771132,1.8630725715773448,2.671532413877801
1.1034885954180955,0.7102034128480764,2.077228251617858,2.345788380710591,0.716484958624068,0.7426991250844662,2.110338757578857
2.35191734010548,0.7332406440185725,1.34449662644474,1.0203221965216849,0.8556519147393662,0.9898403265167188,1.2385213062804976
1.0036658838077614,-0.0286944461759785,0.4509214737945962,0.0286836361755815,0.1285755725859746,0.2241145040791226,0.2797291923823024
0.7323131897145531,1.2488764478717715,0.9721736461738468,0.9183632592763844,1.2731527830852585,1.2411005479728423,1.0438637280808638
0.9954118094627208,0.2204489427790145,1.252160527337559,0.6828029559855179,0.3330657938166161,0.4296536032702797,0.8284978968812693
0.789575830483272,0.8538305948369709,0.8232444540654894,0.6089706221182314,0.9777780190854436,0.9486501262780102,0.774656439081371
1.946951817551928,1.2318118321899227,1.5857619176602786,1.387725953146992,1.278833067008332,1.352314088617356,1.4248955832801466
0.0748245801674159,-0.6094601998815673,0.3615639585295818,0.0142687519443495,-0.6496233248750772,-0.5782705965709241,0.114063168382614
1.841196490006096,0.6951296689957764,0.8589874601714949,0.8146464093199581,0.8215702112009257,0.8580316857528507,0.9548182401810316
0.6967174941015656,1.4422754255993917,1.6125691722397832,1.6391074708379914,1.46060215254668,1.4800037093573537,1.6319781132797568
0.7377299260034861,0.433187818279397,0.7577156095378117,0.6687396542965109,0.5687975766241605,0.6191285243683399,0.8160729450812929
0.2904622724316005,0.6103754111092606,0.7815442802751492,0.6124864475404831,0.7420462362778981,0.7468181451083369,0.774656439081371
0.1821275466529433,-0.0622548570169478,0.266249275580233,-0.1423612706169655,0.0348508878552639,0.0684155471768033,-0.0785235845170233
-0.507861480627791,-0.3728308624265968,-0.6791532359236195,-0.5883437254295989,-0.3116464314522117,-0.3855004594537672,-0.6148673372160139
-0.5140520363865714,0.124887094960661,-0.3491261462114993,-0.3195588718984534,0.2450213930089787,0.1470888296327375,-0.2648978615166727
0.141115114751023,-0.2721496299036884,0.0011553136273568,-0.2464297031156171,-0.1838400431830606,-0.1470092000716431,-0.1530732953168833
-0.7379438029957964,-0.2613420399718509,-0.1418167107966661,-0.1629288493371383,-0.1952006110292076,-0.2384514446015765,-0.0702402833170391
0.2004412741060019,-0.8071253315296497,-0.5969443218798061,-0.6444211409145141,-0.9023959594518424,-0.826647504010338,-0.7101253010158348
1.307518995634567,1.2773174740081863,2.0891425869865268,1.3543256116356004,1.4037993133159463,1.4964797894528374,1.6195531614797805
0.3265738476911531,-0.311967066494669,0.1739131764730512,0.0467901371001781,-0.2406428824137946,-0.1914946163294491,0.2300293851823955
0.0928803677971921,-0.3509312723015574,-0.0524591955316517,-0.2459023293022792,-0.271884443990698,-0.2697559967829954,-0.0081155243171559
1.340793232838012,1.197682600826225,1.290882117285731,1.2066609439010272,1.284513350931405,1.3070048683547766,1.3565583483802757
-1.109196590646324,-1.288347493757787,-1.4893280409930831,-1.1222218157985258,-1.6845710556590454,-1.6582776468298683,-1.512777187294324
0.6314587188110888,-0.3421145541992687,-0.1328809592701647,-0.2130293616042256,-0.271884443990698,-0.2466894846493184,-0.1240817411169377
-0.552743009878949,-0.5847165071428865,-0.5177139916781601,-0.5238283289312794,-0.5899803436828065,-0.5737396745446661,-0.5196093734161934
-0.3889512220945503,-0.2670302451991339,-0.2460671452725162,-0.3195588718984534,-0.180999901221524,-0.2083825984273196,-0.231764656716735
-0.9742166811225824,-0.6455803030748141,-0.723236276787693,-0.6400263591366995,-0.6723444605673707,-0.7104911393371796,-0.6811337468158892
-0.817389268566812,-0.2363139369718061,-0.333041793463797,-0.3935669970368523,-0.1383977717984736,-0.196025538355707,-0.331164271116548
-0.9138587624744734,-0.6179925077224917,-0.7026840482767397,-0.6212166931276525,-0.6212219052597104,-0.669712841100858,-0.6562838432159361
1.4723425427120955,1.0753861884396416,0.8292016217498234,0.7742144169640631,1.1623872465853278,1.1669581875431665,0.896835131781141
-0.4018482132586762,0.1647045315516416,0.3109280332127402,0.2626618180264349,0.2762629545858821,0.2179359740433166,0.3791288067821154
-0.6742326666450147,-0.6993338424726379,-0.7580857077410487,-0.6581328600612959,-0.7405078676442511,-0.7673336156665974,-0.7101253010158348
1.0580911865203728,1.413834399462977,1.8717059665083249,2.22273449093178,1.44356130077746,1.3811472287844524,2.044072347978981
0.8334256004412998,0.0057191954490833,0.2513563563693973,0.1844347023813337,0.1654974180859517,0.1475007316351242,0.331499824882205
-1.1543360597207646,-0.3631609135402155,-0.5069910898463584,-0.4508749514195557,-0.305966147529138,-0.3855004594537672,-0.4222805843163764
-1.0606523159045542,-1.2240707746894897,-1.4106934275598704,-1.0647380701447098,-1.564717064882197,-1.5499474202020642,-1.4003313735045355
-0.929077212048142,-0.975496206257225,-1.1140264768800228,-0.9000216491122156,-1.1239270324517037,-1.129395475764848,-1.0870155056151256
-1.0229931017053064,-1.2317498517463217,-1.34635601656906,-1.0664959828558356,-1.5703973488052705,-1.5367665561256778,-1.3883205867645585
0.970133706781034,-0.0261347538237009,0.35262820700308,0.138728971892061,0.0348508878552639,0.1833362058428011,0.2900833188822831
-0.6995107693267014,-1.1205454395529402,-1.2412120069405597,-1.002859542713079,-1.407089186016911,-1.3497630470419395,-1.296168860914732
0.511000821338153,-0.4433646072449053,0.1351915865248784,0.013565586859899,-0.4110514001059956,-0.3822052434346706,0.1699754514825087
1.0671190803352606,0.038141965244596,0.2185919341055584,0.0782567746293311,0.1853784118167081,0.2237026020767358,0.2155336080824227
-0.8738780898656833,-1.0963705673369877,-1.198320399613353,-0.9666465408638862,-1.3241570407400398,-1.3122799648247148,-1.2133358489148878
-0.6866137781625755,-0.7417109714158958,-0.871569752127617,-0.7275704121507678,-0.8001508488365213,-0.8307665240342093,-0.815737391315636
-0.1333328572215756,-1.1501241067348114,-1.2438927323985105,-0.9771940171306416,-1.4479872302630394,-1.3666510291398104,-1.2340441019148487
-0.5230799302014595,-0.4334102480971601,-0.6431123714333968,-0.572522511029466,-0.3826499804906289,-0.4365763077497659,-0.5817341324160763
0.7890599508367068,1.3512641419628646,1.7466054451373048,1.7322768445276624,1.3668774678159696,1.3028858483309054,1.7790067095794804
-0.5210164116151994,-1.168610773723481,-1.3314630973582242,-1.048037899389014,-1.4880332319207066,-1.3666510291398104,-1.3535307217246235
0.7872543720737292,0.7807371576663849,1.3206679557074026,1.4070629929693763,0.872692766508586,0.9156979660870432,1.4600996133800808
0.0456773801364915,-0.2013314748240158,0.0905128288923712,-0.1198599879145544,-0.0929555004138866,-0.0633930935870642,0.0622925358827115
-0.6757803055847098,-0.5232838906882308,-0.5227775842098443,-0.473727816664192,-0.5161366526828528,-0.5263709442701513,-0.4471304879163298
0.4503849628667613,0.4630508957226324,0.6415508396932937,0.6019389712737279,0.5517567248549408,0.4996769436760842,0.7249566318814642
0.4292338973575948,-0.2721496299036884,-0.4736309508140862,-0.483572127846497,-0.1696393333753775,-0.1671923981886108,-0.453342963816318
1.5239305073685991,0.9985954178713218,1.2759891980748954,1.2822511904794396,1.1141048332392045,1.162839167519296,1.267512860480443
2.8755351813689902,1.678335942531634,1.8776631341926595,1.3051040557240758,1.7190550710465182,2.1308088731289514,1.4704537398800617
-0.6646888931835615,-0.4226026581653225,-0.4581423148348172,-0.4543907768418075,-0.3599288447983354,-0.3616101433153162,-0.4202097590163803
-0.6858399586927281,-0.7206646120749489,-0.6770682272341023,-0.6249083098210169,-0.760388861375008,-0.7479742215544044,-0.6542130179159401
0.5404059611923601,-0.3836384523584343,-0.3157660071792275,-0.4670477483619138,-0.2236020306445744,-0.2256824825275773,-0.1530732953168833
3.497170155479857,3.4786528969666866,3.1107968448498573,2.955784091471268,3.1504866196610077,3.2758964397650563,2.843410913777477
2.527316419937592,1.3569523471901477,1.013873819964187,0.7337824246081681,1.4123197392005566,1.5294319496438036,0.8409228486812457
-0.7812776933072595,-0.6017811228247353,-0.58026425236367,-0.5496696457848297,-0.6041810534904902,-0.6186369928048587,-0.5382468011161583
1.0067611616871517,1.1948384982125837,1.3385394587604051,1.2699458015015586,1.2305506536622086,1.1999103477341335,1.3793374266802323
0.0118872632864817,-0.0190244972895972,0.0339197358911956,-0.126012682403495,0.1001741529706078,0.0939534713248029,-0.012257174917148
0.8716006942871126,1.197682600826225,1.3593895456555758,1.3051040557240758,1.3895986035082628,1.2369815279489715,1.7168819505795971
-0.2958349458895616,-0.5369355832337097,-0.4706523669719192,-0.5377158393491737,-0.5019359428751696,-0.502068726129313,-0.5051135963162207
0.5602673275851138,-0.008501317619124,0.0637055743128671,-0.135329619772462,0.1456164243551948,0.1565625756876401,0.014663553982801
-0.4990915266361854,0.022214990608204,-0.1299023754279973,-0.1351538285013494,0.1399361404321211,0.1071343354011895,-0.0329654279171093
0.6683441135404885,0.2085037118017206,0.0071124813116911,-0.0873386027587258,0.3529467875473725,0.3390351627451203,0.0333009816827659
-0.5787949320304833,-0.2934803995059994,-0.0822450339533232,-0.0878659765720635,-0.2434830243753313,-0.2977653329453177,0.0188052045827931
-0.544746875357191,-0.2838104506196185,-0.2880651774470729,-0.3185041242717778,-0.192360469067671,-0.2211515605013194,-0.2421187832167156
1.011919958152802,0.1442269927334232,0.4836858960584346,0.2538722544708056,0.2649023867397356,0.3431541827689909,0.4060495356820646
0.9778719014795098,1.732373892190822,1.454704228604924,1.5283589700370614,1.7417762067388125,1.6653596104315431,1.6464738903797296
-0.5032185638087057,-0.5795971224383318,-0.7482563810618971,-0.6774698998836804,-0.5530584981828299,-0.5840372246043433,-0.7121961263158308
-1.0570927463432551,-1.0249835917345866,-1.1453016072227775,-0.9044164308900302,-1.2327044695785585,-1.2298995643472972,-1.1077237586150863
-0.3977211760861559,-0.6890950730635286,-0.7238319935561267,-0.6470580099812029,-0.7177867319519576,-0.7261434154278886,-0.6645671444159205
0.2442910440640299,-0.0352358821873538,0.0666841581550341,-0.0952492099587923,0.0831333012013876,0.1034272173797061,0.0125927286828046
-0.1039277173673686,-0.2053132184831138,0.0398769035755296,0.0455595982023899,-0.146918197683084,-0.1614257701551915,0.1492671984825474
-1.2618195840825894,-1.454443086394449,-1.6933610341815326,-1.2224228403327004,-2.0296483039857525,-1.984504032720442,-1.7269005233139212
-0.8052660968725336,-0.5579819425746567,-0.6755789353130188,-0.5850036912784597,-0.5530584981828299,-0.6075156387404076,-0.6065840360160297
-0.4805198593598441,-1.014176001802749,-1.043731898204878,-0.9130302031745472,-1.2074272061208822,-1.154109595908073,-1.140856963415024
-0.952033856320286,-0.9066689230071012,-0.9841602213615352,-0.8399010343917108,-1.0330424896825297,-1.0115915030821407,-0.9793325900153282
1.2146606592528606,-0.3546286056992911,-0.0256519409521472,-0.0938428797898914,-0.2889252957599182,-0.196025538355707,0.0084510780828125
-0.3628992999430162,-0.6893794833248927,-0.6478781055808641,-0.6308852130388448,-0.7064261641058107,-0.6919555492297604,-0.6480005420159516
-0.7663171835568734,-0.5352291216655249,-0.6463888136597806,-0.5915079683096254,-0.5019359428751696,-0.5337851803131186,-0.6169381625160103
3.4404233943577034,2.429179032532983,2.964846236583668,2.600685723823842,2.3126447410076856,2.5056396953012023,2.5120788657781006
-0.7719918596690888,-0.7348851251431563,-0.693152579981805,-0.637213698798898,-0.7916304229519114,-0.802757187871887,-0.674921270915901
-0.8032025782862734,-1.037213232973245,-1.0598162509525804,-0.902834309450017,-1.2355446115400954,-1.2138353862542008,-1.080803029715137
0.2912360919014481,-0.4962649158586367,-0.5439255294892309,-0.6208651105854275,-0.4252521099136788,-0.404447951563573,-0.6086548613160258
0.7495951578744815,-0.0710715751192364,-0.0077804378991445,-0.3016281622449694,0.0376910298168006,0.2414143881793803,-0.2007022772167934
-0.4704602062518259,-0.91207271797302,-1.0318175628362092,-0.8898257553876856,-1.0273622057594562,-0.9609275567885288,-1.05802395141518
-0.7655433640870258,-1.2058685179621844,-1.274274287588615,-1.048037899389014,-1.5340435316976009,-1.4881621198440012,-1.375274387374583
-0.7438764189312944,-0.6151484051088502,-0.587412853584871,-0.523125163846829,-0.624062047221247,-0.6359368769051166,-0.5382468011161583
-0.6664944719465392,-1.1651978505871112,-1.3082301433893204,-1.0733518424292263,-1.4704243517591793,-1.3687105391517456,-1.4195900487944997
1.039777459067314,0.0785282223583051,0.5909149143764517,0.3769261442496164,0.2109396894705382,0.2747784503727345,0.5261574030818381
1.1831920008123935,0.3632228939838167,0.6862295973258009,0.6880766941188955,0.4693926079703766,0.5655812640580186,0.8119312944813009
0.1816116670063783,0.9303369551439264,0.6534651750619616,0.6687396542965109,1.0857034136238373,0.9156979660870432,0.8926934811811482
-0.5852434276125462,-0.7155452273703943,-0.7005990395872229,-0.6505738354034547,-0.7717494292211545,-0.7673336156665974,-0.7142669516158269
0.9732289846604244,1.2005267034398663,1.1359957574930395,1.1750185151007615,1.2873534928929422,1.2122674078057465,1.2385213062804976
3.9279296603616616,3.145892891170634,2.1933930214623767,2.0961647757307174,2.874992849391949,3.057588378499899,2.0192224443790283
0.2285567148437963,-0.0403552668919083,-0.1328809592701647,-0.2374643482888751,0.1058544368936811,0.0951891773319642,-0.1178692652169496
-0.5395880788915406,-0.2883610148014449,-0.4548658726084333,-0.4368116497305488,-0.2150816047599645,-0.2417466606206738,-0.4160681084163882
-0.967510245717237,-0.1882486028012649,-0.2073455553243434,-0.2719194374269422,-0.0787547906062035,-0.1453615920620951,-0.1613565965168675
-0.4660752292560231,-0.2340386548808927,0.1768917603152186,-0.0560477565006852,-0.146918197683084,-0.1733709282244168,0.1285589454825868
0.1896078015281362,1.3740169628719965,1.2193961050737194,1.155681475278377,1.3839183195851894,1.294647808283164,1.2530170833804706
0.9394388678104144,0.0557754014491733,-0.0405448601629829,-0.2074040409286227,0.2762629545858821,0.3134972385971207,-0.0329654279171093
1.7019089854335363,1.527598504008636,1.2342890242845552,1.2453350235457965,1.6082895345465873,1.5829792099541256,1.3172126676803495
-0.5184370133823742,-0.5662298401542168,-0.4730352340456529,-0.5895742643273869,-0.5502183562212933,-0.5309018662964092,-0.6065840360160297
0.8241397668031292,0.2673766359040989,0.5253860698487748,0.4841588196282945,0.3785080652012031,0.4008204631031835,0.6193445415816634
0.185996644002181,0.4405824850748646,0.6683580942727974,0.5175591611396861,0.5773180025087709,0.586176364177373,0.662831872881581
0.2685373874525866,0.3037811493587099,0.209656182579057,0.0742135753937415,0.4495116142396202,0.413177523174796,0.254879288782349
0.5042943859328076,1.1948384982125837,1.1419529251773737,1.2470929362569223,1.2277105117006717,1.162839167519296,1.2944335893803924
-0.5643503019266622,-0.4226026581653225,-0.4533765806873494,-0.3990165264413426,-0.3854901224521655,-0.422159737666218,-0.3684391265164778
-0.5911760435480441,-0.6578099443134723,-0.628517310606778,-0.5869373952606981,-0.6865451703750538,-0.7104911393371796,-0.6086548613160258
-0.5202425921453517,-0.7254995865181394,-0.8140830839737908,-0.7358326018930593,-0.7660691452980813,-0.7788668717334359,-0.8178082166156321
0.9626534519058412,0.0660141708582827,0.4211356353729247,0.1596481331544589,0.2336608251628317,0.2010479919454455,0.4723159452819399
-0.0247401916196356,-0.7681611257227615,-0.915354934607474,-0.7850541578045838,-0.8086712747211316,-0.7813382837477586,-0.9006412286154762
-1.2618195840825894,-1.0420482074164354,-1.2132133188241887,-0.9452000057881506,-1.2466211651900885,-1.2657350385549735,-1.1698485176149698
0.2711167856854117,0.4496836134385174,0.6475080073776276,0.6195180983849866,0.5631172927010872,0.540867143914793,0.7560190113814061
-0.7817935729538245,-0.7306189712226941,-0.732767745082628,-0.6637581807368986,-0.7660691452980813,-0.7541527515902109,-0.7225502528158115
-0.4653014097861755,-0.4058224527448377,-0.300575229584175,-0.4162440710103762,-0.3485682769521884,-0.3389555331840265,-0.3705099518164739
-1.058691973247607,-0.8520621528251849,-0.8778247781961678,-0.7723971862844775,-0.9591987986825758,-0.976579832879238,-0.894428752715488
-0.4872262947651895,-0.6316442002679707,-0.6255387267646105,-0.6521559568434679,-0.6325824731058569,-0.5708563605279567,-0.6459297167159556
0.6508042055572774,-0.633919482358884,-0.4566530229137333,-0.5078313232600339,-0.6609838927212237,-0.5346089843178932,-0.5237510240161856
-0.3430379335502623,0.0984369406537954,-0.0048018540569775,-0.1246063522345942,0.2336608251628317,0.2418262901817676,-0.0039738737171638
0.1651035183162971,-0.0420617284600932,0.0398769035755296,-0.1998450162707815,0.0888135851244608,0.0824202152579644,-0.086806885717008
-0.919017558940124,-0.1987717824717385,-0.2999795128157416,-0.2719194374269422,-0.1099963521831069,-0.1585424561384816,-0.1924189760168091
-0.5795687515003307,-0.3853449139266193,-0.489715303561789,-0.4638835054818871,-0.3201668573368216,-0.3484292792389291,-0.4367763614163492
-0.7026060472060915,-1.282659288530504,-1.4649036534873126,-1.108861679193969,-1.678038729147511,-1.5940209344574827,-1.486270623454374
0.7648136074481502,-1.0087722068368303,-1.0788791875424502,-0.8791024878498178,-1.248609264563164,-1.1611119299486534,-1.0870155056151256
-0.8011390597000133,-0.7764090233023219,-0.923694969365542,-0.7731003513689277,-0.8455931202211083,-0.8690734102562081,-0.8861454515155035
-0.3634151795895812,-0.3298849129606105,-0.2856823103733392,-0.3573539951876596,-0.2775647279137713,-0.2742869188092534,-0.3104560181165871
-0.6605618560110412,-0.5534313783928303,-0.6154115417012426,-0.5561739228159953,-0.533177504452073,-0.5642659284897634,-0.5548134035161271
1.4568661533151444,0.8782898773142876,0.7636727772221465,0.7408140754526716,1.009019580662347,1.0475066068509111,0.8699144028811913
-0.5470683337667337,0.6408073090752245,0.3883712131090858,0.2661776434486866,0.7704476558932655,0.6767948047025324,0.4039787103820682
-0.7554837109790077,-0.5867073789724355,-0.6904718545238545,-0.6113723819453478,-0.5871402017212699,-0.6231679148311167,-0.6480005420159516
-1.091888828504067,-0.819354972768308,-0.8694847434381001,-0.7217693002040524,-0.9165966692595254,-0.9588680467765937,-0.8095249154156479
-0.2976405246525393,-0.6686175342453099,-0.5466062549471814,-0.5918595508518506,-0.6751846025289073,-0.6536486630077616,-0.6107256866160218
1.2316846875895069,1.4280549125311843,1.1717387635990453,1.0800912286999649,1.4378810168543867,1.4140993889754192,1.1929631496805837
2.0552865433305847,1.5901687615087483,2.014677990932348,2.3756728967997307,1.551486695315854,1.5953362700257374,2.166251040678752
-0.5339134027793252,-0.5414861474155361,-0.5927743045007721,-0.5758625451806052,-0.5076162267982429,-0.4991854121126036,-0.5568842288161232
1.2407125814043949,2.932585195147524,2.291686288253892,2.6762759704022545,2.596658937161354,2.4768065551341056,2.431316679078253
-0.7616742667377882,0.1004278124833445,-0.1477738784810005,-0.1731247430616682,0.2393411090859055,0.1454412216231889,-0.0598861568170585
-0.823837764148875,-0.8455207168138096,-1.0008402908776712,-0.8202124120271012,-0.9449980888748922,-0.9555728307574968,-0.9669076382153516
0.4343926938232453,0.6581563350184373,0.6981439326944688,0.666981741585385,0.7534068041240457,0.71386598491737,0.7829397402813553
1.4284927727540675,0.9377316219393944,1.4308755578675874,1.3701468260357332,0.9493765994700764,0.9939593465405896,1.422824757980151
-0.2865491122513909,0.088198171244686,-0.0792664501111562,-0.1527329556126081,0.2393411090859055,0.1750981657950592,-0.0329654279171093
-0.3074422379372749,-0.5426237884609927,-0.604390781485224,-0.582718404753996,-0.5132965107213162,-0.5403756123513125,-0.573450831216092
-0.3750224716372944,-0.2545161936991115,0.2781636109489013,0.1986737953414532,-0.1980407529907442,-0.2524561126827377,0.354278903182162
1.5677802773266272,0.2332474045404012,0.5283646536909418,0.3892315332274976,0.3785080652012031,0.4337726232941504,0.5220157524818461
-0.595561020543847,-0.8025747673478234,-1.0499869242734288,-0.8509758844718038,-0.8654741139518652,-0.8962589424137564,-1.0186782707152542
-1.2618195840825894,-0.8682735377229414,-1.0145417765516398,-0.8302325144805186,-0.984760076336406,-1.008296287063044,-0.9793325900153282
-1.2618195840825894,-1.216391697632658,-1.4565636187292446,-1.092337299709386,-1.549664312486053,-1.5466522041829676,-1.4510665933544402
-0.3033152007647546,-1.002515181086819,-1.0184139355464574,-0.8620507345518968,-1.1994748086285794,-1.1273359657529125,-1.037315698415219
1.0250748891402104,0.5062812554499827,0.4836858960584346,0.1768756777234925,0.6625222613548717,0.71386598491737,0.3149332224822358
-1.2140491288106672,-0.3654361956311289,-0.5683499169950013,-0.4777710158997817,-0.317326715375285,-0.4102145795969922,-0.4699095662162869
-0.9187596191168412,-0.4154924016312188,-0.6124329578590751,-0.5447474901936772,-0.3741295546060185,-0.4398715237688625,-0.5465301023161425
3.5822902971630883,4.536659069241315,3.3818479744870684,4.105459004547587,3.718515011968345,3.7125125622953687,3.489508407376261
2.596960172223872,1.8660467150319715,2.062335332407022,2.1242913791087314,1.9775079895463563,2.089618672890243,2.155896914178771
0.0766301589303935,0.3177172521655531,0.6564437589041294,0.6828029559855179,0.4466714722780831,0.3802253629838291,0.7953646920813316
-0.6528236613125658,-0.7192425607681282,-0.8382096130953448,-0.7266914557952049,-0.7717494292211545,-0.7595074776212428,-0.8074540901156517
-0.420161940711735,0.1584475058016305,0.1947632633682213,0.1626365847633729,0.3273855098935423,0.286311706439573,0.3170040477822322
-1.199810850565472,-0.9595692316208329,-0.9493107904081796,-0.7797804196712061,-1.1494883101055338,-1.1619357339534278,-0.9109953551154568
0.2378425484819669,1.0981390093487733,0.9513235592786762,0.9306686482542657,1.187948524239158,1.0969348471373614,1.0438637280808638
-0.4263524964705154,-0.6671954829384892,-0.6803446694604861,-0.63123679558107,-0.6865451703750538,-0.7121387473467276,-0.674921270915901
-0.8612390385248399,-0.6427362004611726,-0.824805985805593,-0.6874900023370979,-0.658143750759687,-0.6878365292058898,-0.7660375841157295
-0.8351871163733057,-0.5437614295064493,-0.6139222497801586,-0.5869373952606981,-0.5189767946443894,-0.5411994163560865,-0.6045132107160336
0.4452261664011111,-0.1279536273920659,-0.0256519409521472,-0.207755623470848,0.0263304619706541,0.0988962953534482,-0.109585964016965
-0.5230799302014595,-0.4194741452903169,-0.5427340959523638,-0.5292778583357696,-0.3854901224521655,-0.4098026775946055,-0.5216801987161894
-1.2618195840825894,-1.043185848461892,-1.3406967072689424,-1.013934392793172,-1.251733420720854,-1.2867420406767154,-1.3048663271747154
-0.0850981102677448,-0.5047972236995611,-0.1656453815340032,-0.1963291908485298,-0.5076162267982429,-0.4456381518022818,-0.1282233917169299
1.0281701670196004,0.0469586833468846,0.3377352877922442,-0.1685541700127409,0.2080995475090016,0.3472732027928622,-0.0391779038170979
-0.6486966241400455,-0.3938772217675437,-0.4900131619460054,-0.4921859001310137,-0.3457281349906518,-0.3887956754728638,-0.4947594698162399
0.4214957026591194,-0.1876797822785368,0.129234418840544,-0.1295285078257467,-0.101475926298497,-0.0551550535393229,0.0250176804827817
0.2285567148437963,1.0497892649168683,0.6504865912197946,0.6107285348293572,1.122625259123814,1.0475066068509111,0.7228858065814685
0.4849488991866188,1.402457989008411,1.7614983643481406,1.4193683819472576,1.4350408748928498,1.46352762926187,1.4683829145800649
0.2806605591468649,-0.0346670616646253,0.3168852008970745,0.2872725959821971,0.0916537270859974,0.1038391193820928,0.4267577886820251
-0.2024607298612902,-0.5514405065632813,-0.4501001384609656,-0.4257367996504559,-0.5388577883751463,-0.5531445744253117,-0.3787932530164585
0.6696338126569014,0.8438762356892257,0.960259310805178,0.6300655746517417,0.9692575932008332,0.9527691463018808,0.8595602763812112
2.9168055530941936,2.9297410925338823,2.077228251617858,1.9432263698627663,2.602339221084427,2.756899916757326,1.8328481673793795
1.1050362343577906,-0.1623672690171278,0.6326150881667919,0.4788850814949169,-0.09011535845235,-0.0168481673173235,0.6069195897816863
-0.2762315193200902,-0.4919987619381745,-0.3339353686164471,-0.356299247560984,-0.4706943812982658,-0.4481095638166044,-0.2690395121166648
-0.2096830449132007,0.1755121214834794,0.3109280332127402,0.1914663532258371,0.2819432385089553,0.2805450784061538,0.3107915718822436
-0.7583210490351154,-1.0224238993823094,-1.1968311076922693,-0.9650644194238728,-1.2074272061208822,-1.196535502153943,-1.2112650236148916
0.1284760634101797,0.7093501820639838,0.6772938457992991,0.5790861060290915,0.8187300692393895,0.7303420650128537,0.7311691077814527
0.0541893943048146,-0.3569038877902045,-0.2317699428301138,-0.4241546782104426,-0.2889252957599182,-0.2038516764010616,-0.3560141747165011
-0.4475035619796818,0.2008246347448884,0.1917846795260543,0.0916169112338878,0.3245453679320058,0.2554190562605414,0.2300293851823955
1.20434306632156,1.8063205601455004,1.520233073132602,1.3631151751912296,1.8326607495079847,1.7600970709805726,1.4435330109801114
-0.9025094102500428,-0.6452958928134499,-0.656515998723149,-0.5876405603451486,-0.6496233248750772,-0.6779508811485994,-0.6148673372160139
2.852320597273564,5.244840620038042,2.41976539346708,2.845035590670338,3.9712876465451097,3.9761298438231054,2.452024932078213
0.4398094301121782,0.8336374662801164,0.3913497969512532,0.246840603626302,0.9351758896623936,0.9280550261586558,0.3729163308821269
0.4049875539690383,-0.1256783453011525,0.2305062694742271,-0.1217936918967929,0.0178100360860437,0.037110994995385,0.1223464695825983
0.1831593059460733,-0.2161208084149516,-0.0852236177954901,-0.2293779498176961,-0.0759146486446668,-0.0415622874605491,-0.1075151387169689
-0.4513726593289197,-0.6333506618361557,-0.6273258770699108,-0.6141850422831491,-0.6354226150673935,-0.6033966187165369,-0.6252214637159946
-0.9855660333470132,-0.9490460519503592,-0.9490129320239626,-0.8383189129516976,-1.1154066065670938,-1.1088003756454934,-0.9917575418153046
0.9799354200657698,1.635674403327012,1.8776631341926595,1.9836583622186617,1.6111296765081244,1.5541460697870286,1.9591685106791412
0.4501270230434788,1.6157656850315216,2.1725429345672063,2.806361511025569,1.5344458435466342,1.4841227293812242,2.4085376007782955
-0.6007198170094973,-0.2445618345513663,-0.2249191999931296,-0.3065503178361218,-0.135557629836937,-0.1684281041957721,-0.1924189760168091
-0.1137294306521042,-0.2661770144150416,-0.1835168845870063,-0.3410054069741888,-0.1611189074907671,-0.1391830620262885,-0.2669686868166687
-0.7678648224965685,-0.9720832831208552,-1.052071932962946,-0.8877162601343345,-1.121086890490167,-1.1059170616287834,-1.055953126115184
0.4049875539690383,0.3026435083132531,0.5551719082704463,0.3646207552717354,0.4608721820857667,0.437891643318021,0.6814693005815459
-0.6283193781007267,-0.3085541433582995,-0.2508328794199835,-0.3019797447871947,-0.2434830243753313,-0.3055914709906723,-0.233835482016731
-0.0745225775131615,-0.0389332155850876,0.0934914127345386,-0.0129788950781014,0.0604121655090941,0.0222825229094499,0.1037090418826334
-0.948164758971048,-0.9251555899957709,-1.0064996001777886,-0.8529095884540423,-1.0472431994902132,-1.0441317612707204,-0.9834742406153204
-0.2868070520746735,0.084216427585588,0.2066775987368901,-0.127243221301283,0.2478615349705153,0.2257621120886712,0.0291593310827738
-0.7366541038793839,-0.4507592740403732,-0.4941831793250394,-0.4510507426906683,-0.4280922518752159,-0.4374001117545405,-0.4284930602163649
0.5079055434587629,-0.4314193762676111,-0.0584163632159861,-0.306901900378347,-0.3684492706829453,-0.2763464288211887,-0.2214105302167547
1.549724489696851,0.6829000277571182,0.7815442802751492,0.5421699390954483,0.8300906370855361,0.8827458058960763,0.6876817764815344
-1.1812133893068026,-0.7371604072340695,-0.817359526200175,-0.7528843551909803,-0.7973107068749847,-0.8324141320437572,-0.8675080238155386
-1.0958611017826176,-0.7624729204954785,-0.8584639832220816,-0.7201871787640391,-0.8257121264903514,-0.8723686262753048,-0.8095249154156479
0.8893985420936062,1.888799535941103,1.6512907621879556,1.7428243207944176,1.8127797557772292,1.7477400109089607,1.698244522879632
-0.8318338986706327,-1.0673607206778446,-1.2367441311773093,-0.9575053947660316,-1.2951875927323655,-1.3081609448008438,-1.1926275959149266
-0.7727656791389363,-0.1464402943807355,-0.2678108073203365,-0.2902017296226513,-0.0276322352985432,-0.0897548217398379,-0.1944898013168052
1.928896029922152,2.88707955332926,2.9410175658463302,3.62730674712135,2.579618085392134,2.534472835468298,3.052564269077084
0.2914940317247307,1.851826201963764,1.6215049237662842,1.5283589700370614,1.804259329892619,1.6694786304554137,1.6464738903797296
-0.1248208430532524,-0.0881361908010853,-0.1418167107966661,-0.2049429631330465,0.0263304619706541,0.0239301309189979,-0.1075151387169689
1.0108881988596716,0.75570905466634,1.0108952361220191,0.9271528228320138,0.9465364575085402,0.8827458058960763,1.2923627640803967
-0.2994461034155167,-0.2263595778240609,-0.3917198951544897,-0.3466307276497917,-0.1383977717984736,-0.1890232043151265,-0.2938894157166182
-0.97602225988556,-0.5073569160518384,-0.697322597360839,-0.5927385072074136,-0.4848950911059494,-0.5502612604086023,-0.6355755902159752
-0.5256593284342846,-0.7550782537000108,-0.5987314721851065,-0.7166713533417874,-0.8029909907980579,-0.7430313975257591,-0.7639667588157334
-0.6572086383083686,-0.1845512694035311,-0.2758529836941877,-0.306901900378347,-0.1071562102215702,-0.1412425720382238,-0.2607562109166805
1.0302336856058605,1.4223667073039012,1.121102838282204,0.9429740372321468,1.4975239980466564,1.5294319496438036,1.1142717882807311
-0.4699443266052608,-0.902118358825275,-1.0002445741092374,-0.8399010343917108,-1.035882631644066,-1.0400127412468498,-0.9917575418153046
-0.9767960793554076,-0.3222058359037784,-0.5653713331528343,-0.4897248223354375,-0.2633640181060881,-0.32289135509093,-0.4823345180162636
-0.2352190874181699,-0.4058224527448377,-0.0673521147424874,-0.4245062607526677,-0.351408418913725,-0.2891153908951885,-0.3891473795164388
-0.8452467694813238,-0.8756682045184092,-0.8721654688960503,-0.7469074519731523,-0.9876002182979424,-0.9868773829389152,-0.8323039937156048
-0.5063138416880958,-0.7070129195294699,-0.7857865374732033,-0.6834468031015084,-0.7405078676442511,-0.7455028095400817,-0.7494709817157607
2.1171921009183894,2.016784153554969,1.728733942084302,1.9854162749297877,1.934905860123307,1.93309591198315,1.9281061311792
-0.7281420897110609,-0.7038844066544643,-0.719066259408659,-0.6533864957412561,-0.7461881515673244,-0.7698050276809201,-0.6832045721158854
1.2505142946891306,1.5674159405996164,1.564911830765109,1.8500569961730955,1.5912486827773675,1.5953362700257374,1.865981372179317
0.8927517597962787,0.7773242345300153,0.7041011003788036,0.600181058562602,0.9010941861239532,0.8662697258005926,0.7415232342814334
0.954141437737518,1.462184143894882,1.6632050975566244,1.9186155919070045,1.51172470785434,1.4223374290231612,1.952956034779153
0.0913327288574971,-0.1492843969943769,0.0249839843646939,-0.0959523750432426,-0.0475132290292996,-0.0222028933483555,0.0250176804827817
1.6890119942694104,1.570260043213258,2.124885593092532,1.8377516071952145,1.5401261274697071,1.7147878507179932,1.8183523902794063
1.9417930210862773,0.1661265828584623,0.3734782938982501,0.0847610516604967,0.3387460777396894,0.4626057634612466,0.3025082706822594
2.290011782517676,0.3373415601996792,1.085359832176198,0.6072127094071055,0.4353109044319366,0.7509371651322081,0.7415232342814334
0.9046169916672746,0.256000225449533,0.5670862436391146,0.2714513815820643,0.3983890589319595,0.483200863580601,0.4598909934819628
1.145532786613146,1.8006323549182173,1.6393764268192876,1.6936027648828933,1.755976916546495,1.6859547105508974,1.6692529686796866
-0.5300443054300875,0.7912603373368584,0.6236793366402902,0.5931494077180985,0.9152948959316368,0.783889325323175,0.7415232342814334
0.6745346692992691,0.8330686457573879,0.912601969330504,0.7285086864747905,0.898254044162416,0.9239360061347852,0.8533478004812227
-0.5274649071972624,0.2949644312564213,0.2573135240537316,0.1898842317858239,0.421110194624253,0.3307971226973784,0.3397831260821892
0.4217536424824019,0.7776086447913791,0.9900451492268496,0.9763743787435382,0.8698526245470498,0.8086034454664001,1.0997760111807584
0.9683281280180565,2.17320979730525,3.179304273219702,4.485168150150775,1.875262878931036,1.8012872712192811,3.359046413476507
-0.5803425709701784,-0.8773746660865942,-0.8632297173695489,-0.8012269547469417,-1.0018009281056262,-0.9345658286357552,-0.9089245298154603
-0.7093124826114371,-0.2670302451991339,-0.2859801687575561,-0.3851290160234482,-0.1525984816061572,-0.1980850483676424,-0.3042435422165985
-0.8452467694813238,-0.4058224527448377,-0.5358833531153797,-0.4976354295355039,-0.3570887028367988,-0.3949742055086704,-0.4906178192162478
-0.5223061107316119,-0.8816408200070565,-0.9159506513759073,-0.8265408977871543,-0.9705593665287224,-0.9255039845832392,-0.9482702105153866
-1.100607194531016,-0.0633924980624043,-0.3818905684753382,-0.3445212323964406,0.0462114557014104,-0.0687478196180968,-0.2814644639166415
-0.5511953709392539,-0.7590599973591088,-0.8635275757537658,-0.7437432090931257,-0.8058311327595951,-0.8130547379315641,-0.8178082166156321
1.5445656932312004,2.3779851854874363,2.640180597787449,2.642875628890863,2.164957359007778,2.2790935939883044,2.468591534478183
-0.8988982527240874,-1.0380664637573374,-1.1667474108863811,-0.9235776794413024,-1.2454851084054734,-1.2550255864929096,-1.1429277887150202
-0.0381530624303265,0.9784022893144672,0.8292016217498234,0.7724565042529372,1.080023129700764,0.956888166325752,0.9631015413810164
0.6479668675011697,-0.6236807129497747,-0.8280824280319768,-0.7175503096973503,-0.6354226150673935,-0.6495296429838904,-0.8012416142156632
-1.1758482409825264,-0.7346007148817921,-0.8903348303332699,-0.7428642527375628,-0.794470564913448,-0.831178426036596,-0.8426581202155855
0.2453228033571601,1.2716292687809032,0.6475080073776276,0.6247918365183641,1.329955622315992,1.1916723076863922,0.7643023125813904
-0.9424900828588328,-0.2348918856649854,-0.2487478707304667,-0.2487149896400806,-0.1525984816061572,-0.2359800325872545,-0.1592857712168715
-0.3046048998811672,-0.191945936198999,-0.2648322234781691,-0.3701867579788783,-0.0787547906062035,-0.1227069819308054,-0.2669686868166687
1.2309108681196594,1.3740169628719965,1.564911830765109,1.482653239547789,1.4293605909697764,1.4099803689515489,1.5429326253799245
-0.5491318523529938,-0.6472867646429988,-0.6720046347024181,-0.6097902605053344,-0.6780247444904439,-0.73026243545176,-0.6127965119160178
1.1793229034631558,1.3939256811674867,1.34449662644474,1.3138936192797053,1.4975239980466564,1.4511705691902574,1.5574284024798972
1.0730516962707586,0.4272152027907498,0.5849577466921178,0.2644197307375608,0.6000391382010639,0.6932708847980156,0.4723159452819399
-0.3874035831548553,-0.3933084012448152,-0.4509937136136158,-0.500975463686643,-0.351408418913725,-0.3249508651028653,-0.4906178192162478
-1.1863979797547812,-0.47180563338132,-0.6463888136597806,-0.556349714087108,-0.4394528197213624,-0.5000092161173777,-0.573450831216092
-0.2839697140185658,-0.6083225588361107,-0.4486108465398821,-0.5879921428873737,-0.6212219052597104,-0.5807420085852466,-0.6272922890159907
-0.9597720510187616,-0.3952992730743644,-0.591582870963905,-0.5336726401135843,-0.351408418913725,-0.4151574036256375,-0.548600927616139
0.179548148420118,-0.7417109714158958,-0.8635275757537658,-0.7787256720445306,-0.8143515586442049,-0.7516813395758883,-0.913066180415453
-0.701316348089679,-0.736307176449977,-0.8331460205636606,-0.7405789662130992,-0.7831099970673016,-0.8155261499458868,-0.8095249154156479
0.4410991292285907,-0.0110610099714012,-0.1656453815340032,-0.1991418511863312,0.0802931592398509,0.1672720277497046,-0.1033734881169768
-0.0188075756841379,0.092179914903784,0.0547698227863653,-0.1244305609634817,0.2365009671243688,0.2084622279884134,-0.0039738737171638
-0.3925623796205056,-0.4015562988243755,-0.5495848387893484,-0.518906173340127,-0.3343675671445053,-0.3636696533272515,-0.5237510240161856
-0.6737167869984496,-0.631928610529335,-0.6824296781500033,-0.6377410726122359,-0.6467831829135405,-0.676715175141438,-0.6645671444159205
-0.7655433640870258,-0.4629889152790313,-0.5576270151631996,-0.574632006282817,-0.3996908322598486,-0.4196883256518954,-0.573450831216092
-0.7673489428500035,-0.2053132184831138,-0.3899327448491893,-0.3858321811078986,-0.101475926298497,-0.1610138681528042,-0.331164271116548
-0.9086999660088232,-0.8281716908705967,-1.0377747305205436,-0.8585349091296451,-0.9137565272979888,-0.9403324566691744,-1.014536620115262
-0.3551611052445406,-0.6364791747111612,-0.6600902993337497,-0.5748077975539296,-0.6723444605673707,-0.698957883270341,-0.6024423854160376
-0.9074102668924104,-0.0619704467555836,-0.0435234440051503,-0.1070272251233355,0.0376910298168006,-0.0308528353984846,-0.0101863496171523
-0.7781824154278693,-0.91207271797302,-1.1068778756588218,-0.9103933341078584,-1.0273622057594562,-1.0346580152158178,-1.1056529333150904
1.477501339177746,1.5987010693496728,1.901491804929996,2.0610065215082,1.5344458435466342,1.545908029739287,2.0005850166790635
-0.4624640717300678,-0.522146249642774,-0.5698392089160852,-0.5788509967895192,-0.4735345232598024,-0.475295095974152,-0.5817341324160763
2.039810153933634,1.6840241477589168,1.5351259923434375,1.4334316836362644,1.693493793392688,1.7600970709805726,1.5346493241799404
-0.8026866986397084,-0.911788307711656,-1.0872192223005182,-0.8880678426765598,-1.0330424896825297,-1.0342461132134304,-1.0787322044151408
-0.8743939695122483,-0.7161140478931225,-0.7318741699299779,-0.6869626285237601,-0.7575487194134709,-0.7570360656069203,-0.7432585058157725
-0.923144596112644,-0.6760122010407779,-0.7705957598781507,-0.7103428675817343,-0.7177867319519576,-0.7306743374541466,-0.792958313015679
-1.1777054077101603,-0.334435477142437,-0.4545680142242165,-0.4283736687171447,-0.2633640181060881,-0.3253627671052527,-0.3850057289164466
-1.1722628774388997,-1.1620693377121056,-1.380907589138199,-1.0461041954067754,-1.4562236419514958,-1.4667432157198728,-1.3605715277446109
-1.147835976174045,-0.2522409116081981,-0.3509132965167996,-0.3197346631695658,-0.1781597592599874,-0.2586346427185442,-0.2690395121166648
-1.0340845141064547,-0.3534909646538346,-0.3961877709177406,-0.3659677674721763,-0.305966147529138,-0.3813814394298966,-0.3187393193165713
-0.9657046669542594,-0.6717460471203156,-0.7845951039363362,-0.6987406436883035,-0.689385312336591,-0.726555317430276,-0.7577542829157452
-0.7776665357813043,0.0284720163582151,-0.1060737046906602,-0.0699352669185798,0.1370959984705844,0.0292848569500304,0.0395134575827545
-0.604588914358735,-0.4288596839153337,-0.4533765806873494,-0.4601918887885229,-0.3883302644137021,-0.3986813235301538,-0.430563885516361
-1.0320725834848512,-0.6990494322112737,-0.775361494025618,-0.7256367081685293,-0.734827583721178,-0.751269437573501,-0.8136665660156399
-1.2618195840825894,-1.233456313314507,-1.5074974024303027,-1.1259134324918898,-1.5706813630014242,-1.5602449702617414,-1.5152621776543194
-1.0961448355882286,-0.4928519927222668,-0.6785575191551858,-0.5913321770385127,-0.4650140973751925,-0.5263709442701513,-0.6065840360160297
-1.13153417934259,-0.5503028655178247,-0.7643407338095999,-0.6460032623545273,-0.5530584981828299,-0.6062799327332462,-0.7080544757158388
0.7888020110134244,1.0583215727577928,1.0019594845955182,1.0625121015887058,1.1623872465853278,1.1010538671612329,1.1536174689806575
0.0041490685880061,-1.1671887224166604,-1.1509609165228951,-1.0257124079577151,-1.4442950457130417,-1.313927572834263,-1.2858147344147512
-0.8235798243255922,-0.5050816339609252,-0.7595749996621322,-0.641081106763375,-0.4820549491444127,-0.5506731624109896,-0.6977003492158581
-0.2390881847674078,-0.9405137441094348,-1.0642841267158314,-0.8616991520096717,-1.10120589675941,-1.0482507812945916,-1.033174047815227
0.7310234905981403,1.7608149183272368,1.2789677819170624,1.3648730879023556,1.713374787123445,1.6118123501212211,1.4062581555801816
-0.3848241849220301,-0.4268688120857847,-0.4307393434868793,-0.4941196041132522,-0.3599288447983354,-0.3768505174036386,-0.4616262650163026
2.617595358086473,1.732373892190822,1.901491804929996,1.858846559728725,1.7644973424311052,1.809525311267024,1.870123022779309
-0.8253854030885698,-0.5602572246655699,-0.4810774104195041,-0.5229493725757164,-0.5473782142597566,-0.5749753805518274,-0.5216801987161894
-0.7183403764263252,-0.4692459410290427,-0.5528612810157322,-0.5382432131625116,-0.4138915420675323,-0.4415191317784111,-0.5299634999161736
-0.5568700470514693,-0.1091825501420321,-0.2639386483255189,-0.2297295323599213,-0.0049110996062497,-0.079869173682548,-0.1530732953168833
-1.1175796349030058,-0.5941020457679034,-0.7303848780088944,-0.627896761429931,-0.5956606276058803,-0.6540605650101483,-0.6624963191159243
0.9275736359394188,0.4516744852680666,0.6713366781149651,0.4226318747388891,0.6085595640856742,0.6150095043444692,0.6234861921816555
0.7967981455351826,0.4889322295067696,0.1917846795260543,0.1663282014567373,0.6057194221241382,0.6397236244876943,0.3025082706822594
0.554334711649616,0.3933703816884163,0.5075145667957717,0.3329783264714697,0.5403961570087943,0.5697002840818892,0.5158032765818582
-0.500897105399163,-0.4007030680402831,-0.2398121192039654,-0.432944241766072,-0.3258471412598949,-0.3068271769978336,-0.3829349036164506
-1.0662238160874564,-0.7610508691886578,-0.904036316007239,-0.7813625411112194,-0.8257121264903514,-0.8249998960007899,-0.8882162768154995
-1.185959482055201,-0.7533717921318259,-0.7500435313671975,-0.6818646816614952,-0.8171917006057415,-0.848066408134467,-0.7266919034158037
-1.0416679449109607,-0.5417705576769003,-0.6770682272341023,-0.5911563857674004,-0.5189767946443894,-0.5803301065828599,-0.6045132107160336
1.3005546204059388,0.7500208494390571,1.070466912965362,0.8462888381202238,0.8329307790470721,0.8168414855141419,0.9775973184809884
-0.7206618348358679,-0.3998498372561908,-0.5921785877323388,-0.5354305528247102,-0.3230069992983583,-0.3249508651028653,-0.5278926746161776
0.3090339397079419,1.2431882426444885,1.6036334207132814,1.7445822335055434,1.3185950544698457,1.2740527081638098,1.712740299979605
-0.8039763977561211,-0.9786247191322306,-1.050880499426079,-0.8729497933608772,-1.1580087359901436,-1.135162103798267,-1.05802395141518
2.3751319242009066,3.1060754545796536,2.833788547528313,3.560506064098567,2.664822344238235,2.600377155850232,2.982156208877216
-0.1725397103605183,-0.0389332155850876,0.12327725115621,-0.0324917261715986,0.0831333012013876,0.0898344513009323,0.0830007888826728
-0.6706215091190595,-1.0648010283255671,-1.0726241614738994,-0.9263903397791036,-1.284111039082373,-1.2492589584594902,-1.1429277887150202
-0.4000426344956986,-0.7991618442114536,-0.819146676505475,-0.7745066815378285,-0.8711543978749384,-0.843535486108209,-0.9006412286154762
1.583256666723578,1.5332867092359188,1.4993829862374313,1.1591973007006289,1.577047972969684,1.5623841098347713,1.342062571280303
-0.4235151584144077,-0.6671954829384892,-0.6880889874501208,-0.640202150407812,-0.6865451703750538,-0.6977221772631798,-0.6645671444159205
-0.7363961640561014,-0.9479084109049026,-1.083347063305701,-0.920237645290163,-1.0983657547978736,-1.0614316453709782,-1.1160070598150706
-1.0428802620803883,-0.5960929175974524,-0.6171986920065424,-0.5589865831537968,-0.5871402017212699,-0.6305821508740845,-0.5444592770161465
-0.3518078875418679,0.0392796062900529,0.2066775987368901,0.000381241526455,0.1796981278936348,0.1194913954728026,0.2072503068824385
-0.6628833144205839,-0.7172516889385792,-0.8218274019634255,-0.7115734064795223,-0.7547085774519343,-0.7805144797429846,-0.7784625359157062
-0.8008811198767307,-0.6489932262111838,-0.7199598345613091,-0.6757119871725547,-0.6183817632981738,-0.6071037367380203,-0.716337776915823
-0.9620935094283044,-0.6652046111089402,-0.7044711985820401,-0.5943206286474269,-0.7007458801827374,-0.7525051435806623,-0.6190089878160064
1.9417930210862773,0.2949644312564213,0.3615639585295818,0.0610292300602975,0.4608721820857667,0.6232475443922105,0.2258877345824034
3.6725692353119697,3.854074441967361,3.635027601071276,4.137101433347852,3.295333859699378,3.387109980409569,3.4915792326762576
0.4284600778877476,0.1755121214834794,0.4151784676885903,0.2978200722489523,0.2705826706628089,0.2484167222199609,0.4640326440819556
-0.8823901040340063,-0.7687299462454897,-0.823316693884509,-0.7507748599376293,-0.8484332621826449,-0.8538330361678862,-0.8592247226155543
-0.1292058200490553,-0.4809067617449727,-0.5433298127207975,-0.5857068563629101,-0.4451331036444356,-0.4139216976184762,-0.6003715601160415
0.1834172457693559,-0.4063912732675661,-0.3884434529281058,-0.5087102796155969,-0.305966147529138,-0.2833487628617693,-0.430563885516361
-0.723241233068693,-0.1740280897330576,-0.3133831401054939,-0.3272936878274071,-0.0730745066831302,-0.1420663760429985,-0.2400479579167196
-0.6476648648469154,-1.1771430815644055,-1.250743475235495,-1.0170986356731986,-1.4908733738822433,-1.4510909396291631,-1.3021742542847206
-0.8991561925473699,-1.070204823291486,-0.9373964550395107,-0.7752098466222788,-1.3323934524284964,-1.3242251228939403,-0.8799329756155153
-1.1212681743759456,-0.4635577358017598,-0.6088586572484749,-0.5183787995267891,-0.4508133875675094,-0.5168971982152482,-0.5278926746161776
-0.6365734524457671,-0.3094073741423918,-0.4265693261078453,-0.4559728982818207,-0.2349625984907209,-0.2771702328259633,-0.4284930602163649
-0.802428758816426,-0.4501904535176447,-0.5790728188268034,-0.5289262757935443,-0.3883302644137021,-0.4159812076304115,-0.5216801987161894
-0.0146805385116176,0.5210705890409184,0.2960351140019044,0.2257456510927916,0.6738828292010182,0.6026524442728561,0.3853412826821032
-0.8818742243874412,-0.2914895276764506,-0.4021449386020745,-0.3816131906011965,-0.2065611788753541,-0.2672845847686728,-0.3187393193165713
0.746241940171809,1.8148528679864249,1.6066120045554484,1.5810963513708376,1.7928987620464725,1.7230258907657356,1.6651113180796946
2.0011191804412563,1.6470508137815778,1.570868998449443,1.3894838658581177,1.7247353549695914,1.7189068707418638,1.6402614144797418
-0.7389755622889266,-0.5588351733587492,-0.3994642131441244,-0.4499959950639928,-0.5445380722982196,-0.5626183204802149,-0.4098556325164001
0.9216410200039208,2.534410829237717,2.747409616105466,3.9771313766353984,2.153596791161632,2.015476312460568,2.998722811277185
2.609857163387998,2.352388261964663,2.613373343207944,2.3668833332441013,2.238801050007732,2.2749745739644323,2.358837793578389
1.0010864855749362,0.5276120250522938,0.6564437589041294,0.4999800340284274,0.6312806997779683,0.7015089248457574,0.6441944451816161
-0.5764734736209406,0.1618604289380001,-0.0822450339533232,-0.108081972750011,0.3018242322397123,0.234000152136413,-0.0143280002171444
1.9753251981130049,2.079354411055082,1.3355608749182382,1.1504077371449994,2.057031964469384,2.031952392556052,1.3296376194803263
1.0444203758863992,1.9343051777593665,1.7734126997168094,1.872909861417732,1.849701601277206,1.7642160910044444,1.8846187998792816
-0.7379438029957964,-0.2155519878922231,-0.2413014111250489,-0.3691320103522028,-0.1241970619907905,-0.1700757122053201,-0.2959602410166143
0.1302816421731571,0.3800030994043013,0.1739131764730512,-0.0335464737982742,0.580158144470308,0.5902953842012436,0.1451255478825553
0.2706009060388467,-0.90041189725709,-0.9159506513759073,-0.9293787913880176,-1.010321353990236,-0.8987303544280784,-1.1222195357150593
-0.9737008014760176,-0.2639017323241282,-0.3023623798894753,-0.3515528832409441,-0.1895203271061339,-0.2503966026708024,-0.3270226205165559
-0.6244502807514889,-0.2112858339717609,-0.2770444172310547,-0.3930396232235146,-0.1327174878754004,-0.1523639261026756,-0.3580850000164975
0.3804832707571993,-0.8341443063592436,-0.4617166154454175,-0.6547928259101568,-0.8654741139518652,-0.7689812236761461,-0.6272922890159907
0.1697464351353824,-0.7638949718022993,-0.6651538918654335,-0.7110460326661845,-0.8115114166826684,-0.7747478517095653,-0.7101253010158348
-0.7268523905946482,-0.8025747673478234,-0.8200402516581252,-0.7620255012888347,-0.8768346817980122,-0.87731145030395,-0.8654371985155425
-0.4936747903472525,-0.5889826610633487,-0.5927743045007721,-0.6894237063193365,-0.5899803436828065,-0.5444946323751831,-0.7660375841157295
-0.5189528930289392,-0.5460367115973626,-0.3583597561222175,-0.4923616914021263,-0.4934155169905593,-0.4666451539240235,-0.4326347108163571
-0.5230799302014595,-0.3216370153810503,-0.3178510158687443,-0.4515781165040061,-0.2406428824137946,-0.254515622694673,-0.4202097590163803
0.09778122443956,0.027903195835487,-0.1507524623231674,-0.2151388568575765,0.1342558565090478,0.0824202152579644,-0.0992318375169847
-0.6082000718846902,-0.5485964039496398,-0.5841364113584872,-0.6164703288076128,-0.5445380722982196,-0.5432589263680218,-0.6500713673159476
-1.0423901764161518,-0.1657801921534974,-0.2264084919142131,-0.2378159308311004,-0.0702343647215931,-0.1482449060788044,-0.1572149459168754
-0.5506794912926888,-0.747683586904543,-0.8200402516581252,-0.7569275544265698,-0.8115114166826684,-0.7656860076570494,-0.8757913250155231
1.3717460116319138,1.476404656963089,1.0347239068593566,0.7601511152750562,1.5401261274697071,1.5211939095960625,0.9423932883810552
-0.7541940118625952,-0.9479084109049026,-1.0136482013989898,-0.8544917098940555,-1.0983657547978736,-1.0799672354783971,-1.0124657948152656
-1.2618195840825894,-1.1961985690758032,-1.2882736316468006,-0.9907299450063104,-1.5317714181283717,-1.5116405339800651,-1.2630356561147942
1.0887860254909922,0.2554314049268049,1.0377024907015235,0.8410150999868462,0.387028491085813,0.4296536032702797,1.0210846497809067
2.7672004555903333,2.1390805659415526,1.9282990595095009,2.110228077419724,2.125195371546264,2.1596420132960485,2.0627097756789468
-0.4039117318449364,-0.5935332252451752,-0.5638820412317508,-0.564436112558287,-0.5757796338751234,-0.5725039685375053,-0.5610258794161153
-0.4232572185911253,-0.1302289094829789,-0.3229146084004285,-0.3446970236675532,-0.0191118094139328,-0.0914024297493865,-0.2793936386166454
0.1261546050006368,-0.2752781427786941,-0.2958094954367076,-0.3610456118810237,-0.1753196172984507,-0.1593662601432562,-0.3042435422165985
-0.2086512856200707,-0.4169144529380395,-0.492693887403956,-0.5090618621578221,-0.3769696965675551,-0.3673767713487355,-0.5237510240161856
-1.0749163881320771,-0.7869322029727953,-0.7884672629311534,-0.6748330308169916,-0.8711543978749384,-0.892139922389885,-0.7432585058157725
-0.839314153545826,-0.6342038926202482,-0.6332830447542452,-0.5600413307804724,-0.6609838927212237,-0.6882484312082765,-0.5838049577160727
1.8282994988419696,0.9644661865076242,1.2610962788640596,0.7443299008749233,1.074342845777691,1.3358380085218728,0.938251637781063
-0.7985596614671882,-0.6034875843929203,-0.5844342697427041,-0.5116987312245109,-0.624062047221247,-0.652001054998213,-0.5113260722162087
-0.7761188968416092,-0.3688491187674985,-0.3261910506268124,-0.4547423593840327,-0.3315274251829682,-0.3208318450789941,-0.4429888373163373
-0.6453434064373728,-0.4189053247675885,-0.5233733009782776,-0.5268167805401934,-0.3372077091060419,-0.3620220453177029,-0.4989011204162324
-0.7320111870602987,-0.5284032753927853,-0.6895782793712043,-0.6108450081320099,-0.5076162267982429,-0.5634421244849889,-0.6397172408159674
-0.5055400222182483,-0.8102538444046553,-0.7297891612404607,-0.7175503096973503,-0.905236101413379,-0.8888447063707885,-0.8012416142156632
-0.0938680642593504,0.4127102794611783,0.2573135240537316,0.1183371844430009,0.5716377185856977,0.507914983723826,0.2983666200822673
-0.7802459340141294,-0.3992810167334624,-0.465588774440235,-0.4127282455881245,-0.362768986759872,-0.3846766554489932,-0.3870765542164427
1.0142414165623446,0.9579247504962488,0.9185591370148378,0.8234359728755875,1.097063981469984,1.0639826869463946,0.9962347461809532
-0.5775052329140706,-0.5369355832337097,-0.5439255294892309,-0.4753099381042053,-0.5274972205289998,-0.5584993004563442,-0.4492013132163259
-0.7201459551893028,-0.7254995865181394,-0.6609838744864,-0.6315883781232954,-0.7859501390288381,-0.8023452858695003,-0.6666379697159165
-0.6221288223419462,-0.8011527160410027,-0.8140830839737908,-0.7193082224084762,-0.8768346817980122,-0.8670139002442727,-0.7991707889156672
-1.1295480427033144,-1.0980770289051724,-1.210830451750455,-1.0188565483843244,-1.3434700060784892,-1.3271084369106498,-1.3054875747647143
-0.2620448290395517,0.1103821716310897,0.0875342450502042,-0.0237021626159693,0.2450213930089787,0.2290573281077678,0.1016382165826377
-0.5553224081117741,0.1837600190630396,0.0845556612080368,0.089331624709424,0.2847833804704925,0.1952813639120263,0.2051794815824428
-0.6997687091499839,-0.6288000976543293,-0.6603881577179662,-0.6287757177854939,-0.6354226150673935,-0.6417035049385358,-0.6666379697159165
-0.9375892262164652,-1.091251182632433,-1.147684474296511,-0.9161944460545736,-1.3411978925092602,-1.3332869669464562,-1.1222195357150593
0.9257680571764412,0.4215269975634669,1.4844900670265957,1.5248431446148096,0.3898686330473496,0.4502487033896341,1.4290372338801396
-0.6422481285579825,-0.4547410176994712,-0.5701370673003017,-0.5514275584959556,-0.4053711161829224,-0.4567595058667336,-0.5423884517161504
-0.9842763342306008,-0.7809595874841482,-0.8340395957163108,-0.7428642527375628,-0.8427529782595717,-0.8657781942371114,-0.8095249154156479
-0.8934815164351545,-0.6973429706430889,-0.6204751342329263,-0.632994708292196,-0.7263071578365675,-0.731910043461308,-0.6624963191159243
0.3632013025972705,0.0034439133581702,0.2036990148947226,-0.1254853085901571,0.159817134162878,0.2574785662724768,0.0395134575827545
-0.1018641987811083,-0.7016091245635511,-0.754511407130448,-0.7117491977506349,-0.714946589990421,-0.6800103911605352,-0.7515418070157567
-0.0206131544471153,-0.2263595778240609,-0.1745811330605045,-0.3019797447871947,-0.1327174878754004,-0.1033475878186123,-0.233835482016731
-0.7544519516858776,-1.0386352842800657,-1.0565398087261966,-0.8783993227653675,-1.2454851084054734,-1.2373138003902648,-1.0476698249151992
-1.1287484292511387,-0.9885790782799756,-1.1122393265747224,-0.8864857212365465,-1.1636890199132173,-1.1854141480894915,-1.0683780779151606
-0.6897090560419658,-0.9137791795412048,-0.7700000431097174,-0.7738035164533782,-1.035882631644066,-1.008296287063044,-0.8571538973155579
-0.8996720721939351,-0.8389792808024343,-0.7020883315083064,-0.6874900023370979,-0.9449980888748922,-0.9547490267527222,-0.7266919034158037
-0.9084420261855404,-0.778684305393235,-0.980288062366718,-0.8077312317781074,-0.8512734041441816,-0.8855494903516918,-0.9503410358153828
-0.7885000083591699,-0.4368231712335298,-0.547797688484048,-0.5164450955445509,-0.3996908322598486,-0.4526404858428624,-0.5071844216162167
1.2430340398139377,0.0856384788924088,0.5402789890596106,-0.0841743598786991,0.2194601153551486,0.4172965431986666,0.0167343792827975
-0.5398460187148231,-0.5321006087905192,-0.5257561680520113,-0.6412568980344876,-0.4905753750290226,-0.4324572877258952,-0.7018419998158502
1.9856427910443055,1.6925564555998414,1.1538672605460425,1.0519646253219506,1.7190550710465182,1.7230258907657356,1.1929631496805837
0.9936062306997432,1.294382089690035,1.1330171736508727,1.2699458015015586,1.3327957642775292,1.3070048683547766,1.323425143580338
-0.5197267124987868,0.0535001193582602,-0.1477738784810005,-0.1812111415328473,0.2080995475090016,0.1203151994775766,0.0084510780828125
0.405245493792321,-0.1575322945739372,0.1977418472103887,-0.0198347546514925,-0.0418329451062263,-0.0349718554223553,0.1596213249825281
-0.7227253534221281,-0.4143547605857622,-0.361040481580168,-0.4459527958284034,-0.3570887028367988,-0.3830290474394446,-0.3767224277164624
-0.5024447443388581,-0.1242562939943318,-0.1805383007448389,-0.2295537410888087,-0.0247920933370066,-0.0901667237422252,-0.1261525664169338
-0.670363569295777,-0.1771566026080633,-0.1894740522713403,-0.2311358625288219,-0.0787547906062035,-0.1354759440048046,-0.132365042316922
-0.5777631727373532,-0.1376235762784468,-0.3196381661740447,-0.3369622077385995,-0.0304723772600798,-0.0979928617875798,-0.2814644639166415
-0.3298830025628538,-0.8059876904841932,-0.5099696736885254,-0.7105186588528468,-0.8967156755287685,-0.8336498380509185,-0.8095249154156479
0.2177232422659307,0.7790306960982,0.7606941933799796,0.709171646652406,0.8925737602393428,0.8415556056573675,0.8512769751812264
-1.005504781686752,-0.1962120901194612,-0.2788315675363547,-0.3058471527516714,-0.0986357843369604,-0.1482449060788044,-0.2069147531167819
-0.9752484404157126,-0.8930172304616223,-1.1292172544750754,-0.904064848347805,-1.010321353990236,-1.035893721222979,-1.1035821080150945
0.3513360707262747,0.9530897760530582,0.7755871125908153,0.7232349483414129,1.108424549316131,1.051625626874782,0.8512769751812264
-0.1593847793731098,-0.6074693280520183,-0.6785575191551858,-0.6445969321856267,-0.6070211954520268,-0.5914514606473111,-0.6811337468158892
0.8772753703993279,0.92919931409847,1.1359957574930395,0.978132291454664,1.028900574393104,1.04338758682704,1.0894218846807786
-0.6788755834641,0.0566286322332656,-0.0405448601629829,-0.089799680554302,0.1910586957397818,0.1610934977138981,0.0333009816827659
-0.5073456009812258,0.0136826827672796,0.0249839843646939,-0.0880417678431761,0.114374862778291,0.0939534713248029,0.0063802527828168
1.7173853748304873,2.0736662058277986,1.815112873507149,2.006511227463298,1.9803481315078937,1.9001437517921824,1.9488143841791608
-0.6463751657305028,-0.633919482358884,-0.7074497824242071,-0.65637494735017,-0.6411028989904674,-0.623579816833504,-0.7204794275158155
1.0758890343268663,1.5247544013949943,0.9691950623316796,0.9500056880766502,1.551486695315854,1.4717656693096115,1.0707844569808136
-0.760126627798093,-0.6040564049156485,-0.6609838744864,-0.6273693876165931,-0.6041810534904902,-0.6260512288478266,-0.6583546685159323
0.4134995681373613,-0.0304009077441631,-0.1239452077436634,-0.2297295323599213,0.114374862778291,0.0778892932317065,-0.0971610122169882
-0.6757803055847098,-0.4607136331881183,-0.4658866328244515,-0.4343505719349726,-0.4280922518752159,-0.4674689579287975,-0.3995015060164194
-0.4199040008884524,-0.2778378351309714,-0.3148724320265774,-0.3076050654627973,-0.2122414627984274,-0.2318610125633833,-0.2524729097166959
-0.7415549605217517,-0.6819848165294249,-0.6320916112173782,-0.6201619455009771,-0.7092663060673473,-0.704312609301373,-0.6521421926159441
-0.7284000295343434,-0.332729015574252,-0.475715959503603,-0.4354053195616482,-0.260523876144551,-0.3241270610980913,-0.3974306807164233
-0.8073296154587938,-0.3830696318357059,-0.4825667023405875,-0.443140135490602,-0.3201668573368216,-0.3855004594537672,-0.3995015060164194
-0.9927883483989236,-1.035222361143696,-1.1685345611916813,-0.9328946168102694,-1.2417929238554757,-1.247611350449942,-1.159494391114989
0.3969914194472804,0.7850033115868471,1.3355608749182382,1.3490518735022228,0.8386110629701454,0.7921273653709169,1.3855499025802211
3.09478403115913,5.250528825265325,4.287337462505881,5.93017239869624,3.775317851199079,3.9102255234411714,4.094189394975123
-0.8137781110408567,-0.0249971127782444,-0.204366971482176,-0.2566255968401471,0.0774530172783143,0.0115730708473854,-0.1799940242168324
-0.8034605181095559,-0.6888106628021645,-0.7321720283141943,-0.677645691154793,-0.7177867319519576,-0.745090907537695,-0.7246210781158076
-0.5215322912617644,-0.334435477142437,-0.3622319151170351,-0.339247494263063,-0.271884443990698,-0.3167128250551235,-0.2835352892166375
-0.5310760647232174,-0.3185085025060446,0.2305062694742271,-0.2585593008223856,-0.2520034502599411,-0.2100302064368676,-0.1717107230168482
-0.3564508043609532,-0.3355731181878935,-0.1894740522713403,-0.3366106251963742,-0.2804048698753079,-0.2466894846493184,-0.3042435422165985
-1.1130141000309053,-1.0483052331664466,-1.0767941788529334,-0.8796298616631556,-1.2665021589208454,-1.2731492745979414,-1.060094776715176
1.3227374452082354,0.9260708012234642,1.082381248334031,0.978132291454664,0.986298444970054,1.1134109272328452,1.0977051858807627
0.1733575926613377,-0.6999026629953662,-0.5695413505318683,-0.6196345716876392,-0.7121064480288845,-0.6421154069409231,-0.6024423854160376
-0.871298691632858,-1.0403417458482505,-1.083644921689918,-0.8708402981075262,-1.266786173116999,-1.2554374884952966,-1.0621656020151722
-0.6486966241400455,-0.5830100455747017,-0.5963486051113728,-0.5501970195981675,-0.5928204856443436,-0.62275601282873,-0.552742578216131
-0.4309954132896006,0.0910422738583275,0.1411487542092127,0.0457353894735025,0.2251403992782218,0.1845719118499624,0.1886128791824736
-1.2618195840825894,-0.5389264550632589,-0.660686016102183,-0.5654908601849625,-0.5274972205289998,-0.5992775986926657,-0.5838049577160727
-0.8565961217057545,-0.8418233834160758,-0.7887651213153702,-0.786636279244597,-0.9222769531825988,-0.8880209023660145,-0.8964995780154841
-0.4678808080190008,-0.4208961965971377,-0.4182292913497773,-0.4830447540331593,-0.3684492706829453,-0.3739672033869287,-0.451272138516322
-0.4730396044846511,-0.1037787551761134,0.1441273380513797,-0.0915575932654279,0.0206501780475803,0.0181635028855786,0.037442632282758
-0.9164381607072988,-0.1578167048353013,-0.1805383007448389,-0.2842248264048233,-0.0645540807985198,-0.1235307859355794,-0.233835482016731
-0.7539360720393127,-0.710994663188568,-0.751234964904064,-0.7259882907107544,-0.749028293528861,-0.7405599855114371,-0.8012416142156632
1.109679151176876,0.4576471007567134,0.4419857222680944,0.1039223002117689,0.6028792801626011,0.7344610850367244,0.232100210482392
-0.8679454739301854,-0.5676518914610377,-0.5489891220209151,-0.5857068563629101,-0.5587387821059032,-0.5634421244849889,-0.6065840360160297
-0.7278841498877784,-0.1478623456875562,-0.0852236177954901,-0.0880417678431761,-0.0645540807985198,-0.1334164339928693,0.0291593310827738
0.0964915253231474,-0.3088385536196637,-0.3669976492645024,-0.3874143025479118,-0.1866801851445972,-0.1914946163294491,-0.2980310663166103
-0.4467297425098342,-0.2383048088013549,-0.3419775449902983,-0.3411811982453015,-0.1213569200292539,-0.1733709282244168,-0.2711103374166608
0.3402446583251264,0.2625416614609085,0.1560416734200485,-0.0462034453183805,0.4551918981626935,0.4461296833657629,0.1534088490825403
-0.0118432004555097,-0.5067880955291102,-0.2812144346100887,-0.5273441543535311,-0.4763746652213395,-0.3756148113964773,-0.5154677228162012
-0.5419095373010833,0.0316005292332208,-0.0375662763208159,-0.0871628114876132,0.1456164243551948,0.0923058633152543,0.0395134575827545
1.8179819059106688,1.456495938667599,1.3891753840772472,1.5107798429258028,1.508884565892804,1.4882417494050948,1.5926324325798311
-0.4539520575617448,-0.666626662415761,-0.6163051168538928,-0.581487865856208,-0.6950655962596641,-0.6787746851533739,-0.6107256866160218
-0.6667524117698217,0.5765305900069272,0.5968720820607861,0.3575891044272319,0.7278455264702155,0.6232475443922105,0.6027779391816942
-0.9365574669233352,-0.5357979421882532,-0.4325264937921797,-0.4529844466729069,-0.533177504452073,-0.5679730465112468,-0.4347055361163531
-0.1841470024082316,0.9590623915417054,0.5909149143764517,0.5790861060290915,1.0573019940084711,0.9321740461825264,0.7353107583814449
0.7403093242363109,1.001439520484963,1.076424080649697,0.9587952516322796,1.102744265393058,1.08869680708962,1.0894218846807786
-0.9654467271309768,-0.5050816339609252,-0.7154919587980586,-0.6092628866919967,-0.4735345232598024,-0.5411994163560865,-0.6376464155159713
-0.9378471660397476,-0.3304537334833386,-0.3565726058169172,-0.4083334638103098,-0.2747245859522346,-0.3257746691076393,-0.3663683012164818
0.0152404809891544,0.0739776581764787,-0.1001165370063259,-0.1704878739949794,0.2109396894705382,0.1709791457711885,-0.0536736809170699
0.0469670792529041,-0.4814755822677009,-0.3565726058169172,-0.4339989893927473,-0.4195718259906055,-0.3822052434346706,-0.3912182048164348
-0.6507601427263057,-0.4971181466427291,-0.4301436267184461,-0.4804078849664705,-0.4706943812982658,-0.474471291969378,-0.4574846144163101
1.1068418131207682,1.1749297799170932,1.1657815959147113,1.264672063368181,1.239071079546818,1.2081483877818753,1.342062571280303
1.6296858349144314,1.8916436385547444,1.6661836813987914,1.54593809714832,1.8355008914695223,1.8877866917205708,1.5719241795798702
0.3224468105186328,0.0981525303924312,0.0726413258393685,-0.0416328722694532,0.2592221028166618,0.2784855683942184,0.1016382165826377
0.481595681483946,-0.1677710639830465,-0.0375662763208159,-0.1627530580660256,-0.0872752164908133,0.014868286866482,-0.0536736809170699
-0.4160349035392147,-0.5079257365745666,-0.6133265330117253,-0.577620457891731,-0.4508133875675094,-0.4415191317784111,-0.5589550541161192
1.3253168434410607,2.9212087846929577,3.104839677165524,3.3425248879189597,2.545536381853694,2.4768065551341056,3.007006112477169
0.0928803677971921,-1.155243491439366,-1.1381530060015763,-1.0202628785532253,-1.3801078373823124,-1.2554374884952966,-1.2402565778148371
0.5535608921797683,-1.087553849234699,-1.1256429538644743,-0.9712171139128132,-1.2642300453516158,-1.1471072618674922,-1.1739901682149618
-0.7031219268526567,-0.5739089172110489,-0.6591967241810995,-0.6421358543900505,-0.5416979303366829,-0.5148376882033128,-0.6438588914159594
-0.1609324183128049,-0.8202082035524005,-0.9287585618972262,-0.8253103588893661,-0.8711543978749384,-0.8534211341654989,-0.9482702105153866
-0.0848401704444623,0.4690235112112793,0.0756199096815354,0.0837063040338214,0.6170799899702847,0.5243910638193098,0.2176044333824192
0.9358277102844592,0.2173204299040089,0.3109280332127402,0.0506575450646549,0.3785080652012031,0.4873198836044717,0.1741171020825009
-0.5811163904400259,-0.6509840980407329,-0.7747657772571847,-0.7150892319017741,-0.6780247444904439,-0.6449987209576324,-0.790887487715683
-0.6063944931217127,0.0734088376537506,-0.1656453815340032,-0.2116230314353248,0.1938988377013185,0.1108414534226734,-0.1365066929169145
0.8460646517821433,-0.2792598864377921,0.1798703441573856,-0.0636067811585266,-0.2065611788753541,-0.1371235520143532,0.0291593310827738
-0.140039292626921,0.011122990415002,0.0368983197333626,-0.0326675174427112,0.1285755725859746,0.0956010793343515,0.1016382165826377
-0.1436504501528763,0.1337038130629496,0.1947632633682213,0.151913317225505,0.262062244778199,0.2179359740433166,0.2714458911823175
-0.5927236824877392,-0.7499588689954562,-0.8373160379426946,-0.7066512508883699,-0.7916304229519114,-0.7912239318050485,-0.7867458371156905
1.1759696857604829,1.1294241380988297,1.0406810745436903,1.0765754032777128,1.187948524239158,1.187553287662521,1.1577591195806496
1.1708108892948328,1.5901687615087483,1.5857619176602786,1.345536048079971,1.6366909541619543,1.587098229977996,1.545003450679921
0.1060352987846006,-0.4601448126653899,-0.236833535361798,-0.3619245682365867,-0.3542485608752617,-0.3097104910145429,-0.2524729097166959
-0.4892898133514496,-0.4581539408358409,-0.4060170975968921,-0.4508749514195557,-0.3911704063752388,-0.3896194794776378,-0.3767224277164624
-0.6373472719156147,-1.1293621576552286,-1.174193870491799,-0.973853982979502,-1.3724394540861635,-1.318458494860521,-1.18020264411495
2.5324752164032427,3.373421100261952,2.9320818143198286,3.096417108361337,2.9829182439303428,3.028755238332804,2.8268443113775086
-1.1157224681753717,-0.7587755870977446,-0.9198228103707248,-0.7817141236534446,-0.8143515586442049,-0.8513616241535636,-0.8985704033154802
-0.2860332326048259,-0.2385892190627191,-0.2332592347511973,-0.3141093424939631,-0.1185167780677167,-0.1334164339928693,-0.2400479579167196
-0.6386369710320273,-1.0286809251323206,-0.9811816375193682,-0.8861341386943212,-1.2156636178093387,-1.1932402861348463,-1.0414573490152113
-0.872330450925988,-1.2331719030531425,-1.3094215769261874,-1.0635075312469215,-1.5780657321014195,-1.5421212821567096,-1.4073721795245224
-0.4487932610960944,-0.2951868610741844,-0.1596882138496688,-0.2826427049648101,-0.1895203271061339,-0.1865517923008039,-0.1903481507168131
-0.5790528718537657,-0.5301097369609702,-0.5969443218798061,-0.5549433839182073,-0.5076162267982429,-0.5366684943298285,-0.550671752916135
0.4444523469312635,-0.1726060384262368,-0.3795077014016045,-0.3995439002546804,-0.0531935129523733,-0.0683359176157095,-0.3415183976165287
-0.5401039585381056,-0.5963773278588166,-0.6058800734063075,-0.5813120745850954,-0.5843000597597333,-0.5823896165947953,-0.5838049577160727
-0.1165667687082119,-0.6598008161430214,-0.5582227319316333,-0.5770930840783933,-0.6751846025289073,-0.6622986050578902,-0.573450831216092
-0.7054433852621994,-0.6788563036544193,-0.6034972063325738,-0.5800815356873072,-0.6979057382212008,-0.6903079412202124,-0.6045132107160336
-0.7768927163114566,-0.2257907573013325,-0.1686239653761706,-0.1884185836484634,-0.1270372039523271,-0.1733709282244168,-0.086806885717008
1.3562696222349628,1.8319174836682732,1.3325822910760712,1.3437781353688452,1.801419187931082,1.7600970709805726,1.4414621856801155
-0.5426833567709308,-0.8227678959046778,-0.918333518449641,-0.8316388446494193,-0.8995558174903052,-0.8723686262753048,-0.9627659876153596
2.148144879712292,1.8575144071910468,1.576826166133777,1.6320758199934875,1.824140323623376,1.8877866917205708,1.663040492779699
0.3216729910487852,-0.0713559853806006,-0.0882022016376575,-0.2677004469202402,0.0405311717783372,0.0741821752102225,-0.2027731025167898
-0.0930942447895027,-0.7067285092681058,-0.6297087441436445,-0.6906542452171245,-0.6922254542981275,-0.6425273089433098,-0.6811337468158892
-1.2618195840825894,-1.354046264132905,-1.4920087664510335,-1.1120259220739956,-1.8172056852628085,-1.8119170937202524,-1.489376861404368
-0.9099896651252356,-1.3779367260874935,-1.571834813421113,-1.1549189922254668,-1.827998224716648,-1.797088621634317,-1.5720027908742125
-0.5927236824877392,-0.7166828684158509,-0.8483367981587132,-0.743215835279788,-0.734827583721178,-0.7133744533538888,-0.8302331684156088
-0.2584336715135966,0.0042971441422625,0.1858275118417199,-0.126012682403495,0.0973340110090712,0.1582101836971887,-0.0101863496171523
-0.4810357390064091,0.0389951960286887,0.0041338974695242,-0.0952492099587923,0.1740178439705616,0.112489061432222,0.0498675840827351
-0.4170666628323448,-0.3313069642674313,-0.440270811781814,-0.4412064315083635,-0.260523876144551,-0.2919987049118984,-0.3932890301164312
-0.6507601427263057,-0.199340602994467,-0.241003552740832,-0.3374895815519371,-0.0730745066831302,-0.0905786257446125,-0.2524729097166959
-0.6316725958033993,-0.2323321933127078,-0.2883630358312897,-0.2650635778535514,-0.1440780557215474,-0.1968493423604811,-0.1903481507168131
-1.120081651188846,-0.9385228722798858,-1.0764963204687166,-0.871367671920864,-1.0813249030286531,-1.098090923583429,-1.0393865237152151
-0.6329622949198119,-0.9501836929958158,-1.0776877540055836,-0.9197102714768254,-1.0983657547978736,-1.0758482154545266,-1.126361186315051
-1.013810443996449,-1.0500116947346316,-1.1366637140804932,-0.9077564650411696,-1.26224194597854,-1.2735611766003283,-1.1056529333150904
-1.0513406882840552,-0.8341443063592436,-0.6958333054397552,-0.6591876076879714,-0.9393178049518188,-0.9506300067288516,-0.670779620315909
-1.2618195840825894,-0.8372728192342493,-0.9883302387405692,-0.8232008636360151,-0.9279572371056724,-0.9662822828195607,-0.9544826864153748
-0.6796494029339476,-0.7863633824500671,-0.8775269198119513,-0.7804835847556564,-0.8512734041441816,-0.843535486108209,-0.8799329756155153
-0.8751677889820957,-0.4180520939834962,-0.5707327840687354,-0.5025575851266563,-0.3854901224521655,-0.4374001117545405,-0.4968302951162364
-0.9311407306344022,-1.1117287214506515,-1.3225273458317228,-1.027997694482179,-1.361646914632324,-1.3575891850872943,-1.330337478364667
-0.6574665781316511,-0.3998498372561908,-0.5486912636366982,-0.5007996724155305,-0.3542485608752617,-0.3900313814800252,-0.4926886445162439
-0.5555803479350566,-0.9484772314276312,-1.1226643700223076,-0.9193586889346002,-1.0898453289132637,-1.0832624514974938,-1.1242903610150554
-0.9739587412993,-0.9760650267799532,-1.1730024369549323,-0.9374651898591966,-1.12676717441324,-1.12198123972188,-1.1636360417149811
-1.2618195840825894,-1.0909667723710688,-1.214106893976839,-0.9668223321349988,-1.336085636978494,-1.3472916350276172,-1.196769246514919
-0.2981564042991043,0.0062880159718117,-0.0405448601629829,-0.2585593008223856,0.1314157145475112,0.1821004998356397,-0.1634274218168636
-0.2029766095078552,-0.714976406847666,-0.7440863636828631,-0.7143860668173238,-0.7433480096057878,-0.7187291793849214,-0.7846750118156944
-0.1516465846746343,-0.1549726022216599,-0.2103241391665103,-0.3056713614805588,-0.0219519513754695,-0.0242624033602914,-0.2007022772167934
-1.2618195840825894,-0.7647482025863918,-0.955267958092514,-0.7752098466222788,-0.8313924104134252,-0.87731145030395,-0.9006412286154762
1.1702950096482676,0.1763653522675717,0.6385722558511259,0.0605018562469598,0.3103446581243226,0.4708438035089885,0.2590209393823411
2.540213411101718,1.9684344091230643,2.139778512303368,1.6496549471047466,1.9292255762002333,2.101975732961856,1.6609696674797023
2.320964561311578,2.3438559541237387,1.7525626128216387,2.015300791018927,2.1109946617385806,2.060785532723147,1.9011854022792505
1.263669225676539,1.7238415843498975,1.4219398063410855,1.49495862852567,1.7048543612388345,1.615931370145092,1.5367201494799367
0.105777358961318,0.5779526413137479,0.5790005790077833,0.4279056128722667,0.7022842488163854,0.6726757846786612,0.5613614331817722
2.658865729811676,1.7352179948044637,2.303600623622561,1.6531707725269982,1.8383410334310597,1.9825241522696,1.961239335979137
-1.2618195840825894,-1.3477892383828938,-1.4327349479919074,-1.0758129202248026,-1.8084012451820448,-1.8143885057345748,-1.410892582534516
